,_id,exploreid,name_en,name_zh_Hans,lines,lat,lng,x,y,code,phonetic,multiline,transformed_longitude,transformed_latitude
0,449,"2,79",Xinzhuang,莘庄,15,31.1130352638736,121.380654581164,10240708,-42935534,,Xīnzhuāng,0,-2846016.380371521,4666065.249011809
1,450,3,Waihuanlu,外环路,1,31.12285403194596,121.38859927846998,15814733,-37358774,,Wàihuánlù,0,-2846370.3297885978,4665190.305307676
2,451,4,Lianhua Road,莲花路,1,31.133039137841937,121.3984805364807,21208778,-31956624,,Liánhuā Lù,0,-2846870.716305625,4664201.071378729
3,452,5,Jinjiang Park,锦江乐园,1,31.14399448264071,121.40971362783124,26638853,-26527039,,Jǐnjiāng Lèyuán,0,-2847457.7614536756,4663106.779743776
4,453,"6,39",Shanghai South Railway Station,上海南站,13,31.1558575189936,121.42524898244808,32104868,-20912684,,Shànghǎi Nánzhàn,0,-2848367.2925123326,4661753.968664015
5,454,7,Caobao Road,漕宝路,1,31.17046390844544,121.43036663724529,32115218,-6456528,,Cáobǎo Lù,0,-2848346.6706850603,4660784.4689685805
6,455,"8,61",Shanghai Indoor Stadium,上海体育馆,14,31.184361297787127,121.43181503011766,42169222,3645912,,Shànghǎi Tǐyùguǎn,0,-2848048.515731917,4660031.837079464
7,456,"9,914,1199",Xujiahui,徐家汇,19E,31.195861359327072,121.43386423780272,45317368,7495912,,Xújiāhuì,0,-2847870.8164858585,4659366.560389303
8,457,10,Hengshan Road,衡山路,1,31.206469913324725,121.4419323225175,50760437,12133411,,Héngshān Lù,0,-2848209.0507623604,4658445.635277572
9,458,"11,714",Changshu Road,常熟路,17,31.215434865643555,121.44632041646751,55886412,17243181,,Chángshú Lù,0,-2848297.107195243,4657788.068076332
10,459,"12,1017",South Shaanxi Road,陕西南路,1X,31.218279248120496,121.4546889085931,65858087,16500991,,Shǎnxī Nánlù,0,-2848892.0920464746,4657232.573284331
11,460,13,South Huangpi Road,黄陂南路,1,31.224747605784355,121.4688938875411,73240217,17981846,,Huángpí Nánlù,0,-2849852.579664638,4656209.054252063
12,461,"14,31,815",People's Square,人民广场,128,31.235435482005563,121.46992385579914,76143442,27499036,,Rénmín Guǎngchǎng,0,-2849615.5353020886,4655633.797273754
13,462,15,Xinzha Road,新闸路,1,31.240535879169123,121.46340072348038,72270693,31651091,,Xīnzhá Lù,0,-2848932.4017758,4655708.049309284
14,463,16,Hanzhong Road,汉中路,1,31.243599654413018,121.45432412816054,67021277,36800991,,Hànzhōng Lù,0,-2848102.8896717005,4656009.014786681
15,465,"17,51,70",Shanghai Railway Station,上海火车站,134,31.250607437270823,121.45186722471004,65842953,43255871,,Shànghǎi Huǒchē Zhàn,0,-2847692.9322051955,4655787.313296068
16,466,18,North Zhongshan Road,中山北路,1,31.26108145185742,121.45483911229852,65839437,52701286,,Zhōngshān Běilù,0,-2847619.9940728806,4655125.593237594
17,467,19,Yanchang Road,延长路,1,31.27348000864771,121.45092308713568,65839437,57524235,,Yáncháng Lù,0,-2846929.539138444,4654711.53158999
18,468,20,Shanghai Circus World,上海马戏城,1,31.2811824527321,121.447645429525,65839437,62347375,,Shànghǎi Mǎxìchéng,0,-2846431.936539206,4654496.1283906875
19,469,21,Wenshui Road,汶水路,1,31.294660162920316,121.4455264825986,65839437,67170811,,Wènshuǐ Lù,0,-2845854.9353759554,4653939.303778878
20,470,22,Pengpu Xincun,彭浦新村,1,31.3084018173287,121.444233660475,65839437,71993565,,Péngpǔ Xīncūn,0,-2845336.9835806857,4653328.185796597
21,471,23,Gongkang Road,共康路,1,31.321105750870288,121.44232928945198,65839437,76817005,,Gòngkāng Lù,0,-2844800.436050603,4652798.1722089015
22,472,24,Tonghe Xincun,通河新村,1,31.3328641192262,121.437045339787,65839437,81640049,,Tōnghé Xīncūn,0,-2844017.803727087,4652482.175211845
23,473,25,Hulan Road,呼兰路,1,31.341688752647013,121.43311321927564,65839437,86463195,,Hūlán Lù,0,-2843433.1330738156,4652243.1612350345
24,474,26,Gongfu Xincun,共富新村,1,31.3570085594916,121.429653167672,65839437,91286239,,Gòngfù Xīncūn,0,-2842691.3755564587,4651660.820998259
25,475,"27,46,65",Zhongshan Park,中山公园,234,31.220040887256182,121.41130149556908,36607698,27497476,,Zhōngshān Gōngyuán,0,-2845311.809164169,4659302.1706321705
26,476,"28,1101",Jiangsu Road,江苏路,2E,31.221371270055165,121.42670810415144,45061997,27497181,,Jiāngsū Lù,0,-2846524.7091814363,4658471.668094026
27,477,"29,715",Jing'an Temple,静安寺,27,31.22581186052514,121.44306957913908,55886412,27380091,,Jìng’ān Sì,0,-2847721.737793328,4657440.87647925
28,478,30,West Nanjing Road,南京西路,2,31.23173843926533,121.45557940198567,64484262,27379801,,Nánjīng Xīlù,0,-2848560.785971902,4656528.387287601
29,479,"32,1013",East Nanjing Road,南京东路,2X,31.23937088466026,121.47992313100444,89412776,27528821,,Nánjīng Dōnglù,0,-2850309.8334357427,4654943.437782891
30,480,33,Lujiazui,陆家嘴,2,31.240040528929622,121.49786174489896,94802621,27391416,,Lùjiāzuǐ,0,-2851746.982292232,4654017.980226849
31,481,34,Dongchang Road,东昌路,2,31.23538961387474,121.51105821325086,100207997,22818861,,Dōngchāng Lù,0,-2852958.5980220768,4653589.021503871
32,482,35,Shanghai Science and Technology Museum,上海科技馆,2,31.22179331861635,121.53886735631625,110383579,12227261,,Shànghǎi Kējì Guǎn,0,-2855625.7448907783,4652869.863926812
33,483,36,Century Park,世纪公园,2,31.2119389106114,121.54658138943836,110383579,2368863,,Shìjì Gōngyuán,0,-2856548.425076072,4652967.93429236
34,484,"37,702,99001",Longyang Road,龙阳路,27M,31.20519438022236,121.55350148870056,119332799,-3112678,,Lóngyáng Lù,0,-2857313.143382284,4652953.073402849
35,485,38,Zhangjiang Hi-Tech Park,张江高科,2,31.203946359963115,121.58298433019642,129244029,-3163268,,Zhāngjiāng Gāokē,0,-2859744.5936916596,4651543.233468304
36,486,40,Shilong Road,石龙路,3,31.159741147131328,121.43819868757096,35610438,-17355748,,Shílóng Lù,0,-2849304.6466707205,4660919.995850926
37,487,41,Longcao Road,龙漕路,3,31.171611392341145,121.4397114534561,38925767,-12848229,,Lóngcáo Lù,0,-2849072.4487916725,4660263.664827233
38,488,42,Caoxi Road,漕溪路,3,31.17855107863165,121.43389642430462,39045493,-5403208,,Cáoxī Lù,0,-2848391.7412187634,4660212.955698268
39,489,"43,62,913",Yishan Road,宜山路,349,31.18776648955865,121.4226311464522,36676938,7795912,,Yíshān Lù,0,-2847199.6046277494,4660321.4602080565
40,490,"44,63,1020",Hongqiao Road,虹桥路,34X,31.199146834523532,121.41622603131904,36607698,14978726,,Hóngqiáo Lù,0,-2846337.965953217,4660082.014678404
41,491,"45,64",West Yan'an Road,延安西路,34,31.21134247492992,121.41236365033797,36607698,21736536,,Yán’ān Xīlù,0,-2845658.6873202976,4659675.990287899
42,492,"47,66,1307",Jinshajiang Road,金沙江路,34T,31.23312370051457,121.40819013311511,36607698,35429116,,Jīnshājiāng Lù,0,-2844666.9015647974,4658814.86671897
43,493,"48,67,1103",Caoyang Road,曹杨路,34E,31.240765207104605,121.41263187123796,37184653,43782435,,Cáoyáng Lù,0,-2844799.064185987,4658219.359382431
44,494,"49,68,718",Zhenping Road,镇坪路,347,31.24853450854901,121.4257317800752,49845687,43782435,,Zhènpíng Lù,0,-2845631.0663332273,4657187.543674311
45,495,"50,69",Zhongtan Road,中潭路,34,31.25641322989182,121.43610656454403,58474887,43782435,,Zhōngtán Lù,0,-2846237.9488557098,4656285.513816549
46,496,"52,71",Baoshan Road,宝山路,34,31.253533307879465,121.4719194193024,72090607,43782435,,Bǎoshān Lù,0,-2849234.3085454307,4654646.858132511
47,497,53,Dongbaoxing Road,东宝兴路,3,31.2616959373866,121.475518939098,84232602,49769155,,Dōngbǎoxīng Lù,0,-2849281.5275104274,4654067.34183173
48,498,"54,811",Hongkou Football Stadium,虹口足球场,38,31.272315420649765,121.47488057805094,91136994,58266588,,Hóngkǒu Zúqiúchǎng,0,-2848910.5955437925,4653577.8852756675
49,499,55,Chifeng Road,赤峰路,3,31.283511401124,121.478029493492,90985336,65226965,,Chìfēng Lù,0,-2848829.8104948094,4652871.65454748
50,500,56,Dabaishu,大柏树,3,31.291671390524257,121.47873223020105,90985336,69659975,,Dàbǎishù,0,-2848641.526030322,4652436.001159208
51,501,57,Jiangwan Town,江湾镇,3,31.30725597194018,121.48055613233696,90985336,74231070,,Jiāngwān Zhèn,0,-2848320.848648568,4651579.759509935
52,502,58,Damuqiao Road,大木桥路,4,31.195797117055317,121.45862639142688,63694127,-4364633,,Dàmùqiáo Lù,0,-2849886.166066721,4658138.476368788
53,503,"59,712",Dong'an Road,东安路,47,31.1924472898058,121.450349095557,55886412,-4380848,,Dōng’ān Lù,0,-2849313.561706221,4658714.24485024
54,504,60,Shanghai Stadium,上海体育场,4,31.187555389587587,121.43887460424531,47746857,-2069223,,Shànghǎi Tǐyùchǎng,0,-2848527.021580344,4659524.427606787
55,506,"72,1010",Hailun Road,海伦路,4X,31.260907200175804,121.4848369379144,92465706,43340202,,Hǎilún Lù,0,-2850062.0813030535,4653642.602841839
56,507,73,Linping Road,临平路,4,31.26290648961042,121.49620950414835,100835531,43382725,,Línpíng Lù,0,-2850925.621390187,4652978.718191392
57,508,"74,1212",Dalian Road,大连路,4W,31.26014599168965,121.50849402142784,104946179,36723840,,Dàlián Lù,0,-2852006.188701269,4652502.772168068
58,509,75,Yangshupu Road,杨树浦路,4,31.25434960042899,121.51256025030504,104932019,32572181,,Yángshùpǔ Lù,0,-2852510.664623617,4652584.646813126
59,510,76,Pudong Avenue,浦东大道,4,31.24223289270548,121.51515662862104,104932019,27217006,,Pǔdōng Dàdào,0,-2853085.7808714556,4653049.486878754
60,511,618,Pudian Road,浦电路,6,31.2220593629199,121.524614103016,99329767,8574232,,Pǔdiàn Lù,1,-2854460.185186609,4653567.0696736425
61,512,"78,619",Lancun Road,蓝村路,46,31.21391170952487,121.52366459562106,99366292,878237,,Láncūn Lù,0,-2854627.867371081,4654013.4830823
62,513,80,Chunshen Road,春申路,5,31.10001852409874,121.38121783925156,10200278,-50020104,,Chūnshēn Lù,0,-2846450.503345735,4666673.7990591135
63,514,81,Yindu Road,银都路,5,31.091045611158577,121.38580214119578,10200278,-57861998,,Yíndū Lù,0,-2847091.466263574,4666884.6569706565
64,515,82,Zhuanqiao,颛桥,5,31.06867736056733,121.39733255101916,10193248,-65705064,,Zhuānqiáo,0,-2848697.5606907723,4667404.39235953
65,516,83,Beiqiao,北桥,5,31.04681236741141,121.40546500874667,10200278,-73546474,,Běiqiáo,0,-2850011.711841091,4668067.42862817
66,517,84,Jianchuan Road,剑川路,5,31.02822455205173,121.41203105642526,10221568,-81389534,,Jiànchuān Lù,0,-2851100.446207545,4668647.625151617
67,518,85,Dongchuan Road,东川路,5,31.019968265791046,121.41532480908651,10175868,-89264049,,Dōngchuān Lù,0,-2851614.7379714837,4668886.340963859
68,519,86,Jinping Road,金平路,5,31.013274448449735,121.40591561986297,2542859,-99467079,,Jīnpíng Lù,0,-2851047.2448246274,4669680.9647462135
69,520,87,Huaning Road,华宁路,5,31.009341818706396,121.3904906425566,-4713101,-106781724,,Huáníng Lù,0,-2849906.9909531553,4670640.101814828
70,521,88,Wenjing Road,文井路,5,31.00543987829133,121.37587487890524,-14192692,-107710434,,Wénjǐng Lù,0,-2848831.4800857394,4671557.210092926
71,522,89,Minhang Development Zone,闵行开发区,5,31.002515542723263,121.36489927961472,-23658412,-107710434,,Mǐnháng Kāifāqū,0,-2848023.466472413,4672245.447870575
72,523,"91,92,617,922",Century Avenue,世纪大道,2469,31.23082103653097,121.5229672212758,104967079,17918666,,Shìjì Dàdào,0,-2854063.1146725942,4653219.81928399
73,524,94,Songhong Road,淞虹路,2,31.220196864139076,121.35488927556948,-11695717,27498741,,Sōnghóng Lù,0,-2840718.3156326194,4662093.691301748
74,525,95,Beixinjing,北新泾,2,31.2183802038138,121.369110344739,773274,27499621,,Běixīnjīng,0,-2841929.7252273746,4661477.60741306
75,526,96,Weining Road,威宁路,2,31.216655207961864,121.38243019773483,10922253,27498741,,Wēiníng Lù,0,-2843064.9462788166,4660901.427666936
76,527,97,Loushanguan Road,娄山关路,2,31.21302166115735,121.39952123357868,20835828,27499621,,Lóushānguān Lù,0,-2844563.919151571,4660231.3565495135
77,528,98,West Yingao Road,殷高西路,3,31.322178084264873,121.4804381151424,90985336,78525110,,Yīngāo Xīlù,0,-2847862.2206865465,4650852.2869583955
78,529,99,South Changjiang Road,长江南路,3,31.334257030376484,121.48724019720107,90985336,82681359,,Chángjiāng Nánlù,0,-2848050.64371428,4649920.3580774125
79,530,100,Songfa Road,淞发路,3,31.346673450737253,121.49572670652124,90985336,86837219,,Sōngfā Lù,0,-2848365.263142393,4648887.908957827
80,531,101,Zhanghuabang,张华浜,3,31.36056323764628,121.49398863508696,90985336,90993179,,Zhānghuábāng,0,-2847805.625738719,4648291.038970643
81,532,102,Songbin Road,淞滨路,3,31.37257313378737,121.48848474218626,90985336,95149229,,Sōngbīn Lù,0,-2846997.059229177,4647973.528916651
82,533,103,Shuichan Road,水产路,3,31.384114379340804,121.4833134432073,90985336,99304995,,Shuǐchǎn Lù,0,-2846229.566240529,4647662.257399994
83,534,104,Baoyang Road,宝杨路,3,31.397320953658554,121.4750200529254,90985336,103870522,,Bǎoyáng Lù,0,-2845158.5705082673,4647423.7016143575
84,535,105,Youyi Road,友谊路,3,31.406112095181992,121.47126496030792,90985336,108150797,,Yǒuyì Lù,0,-2844588.834700595,4647176.997446187
85,536,106,Tieli Road,铁力路,3,31.410141093183412,121.45699560834716,90985336,112828337,,Tiělì Lù,0,-2843309.891478482,4647686.704140773
86,537,107,North Jiangyang Road,江杨北路,3,31.409692417875533,121.43544137670064,90985336,117386342,,Jiāngyáng Běilù,0,-2841574.7878716346,4648778.127621702
87,538,901,Songjiang Xincheng,松江新城,9,31.03243516637641,121.2263041753953,-17888152,-42614338,,Sōngjiāng Xīnchéng,0,-2835827.103156694,4677659.268933012
88,539,902,Songjiang University Town,松江大学城,9,31.05628873383537,121.22818172170402,-17888152,-36608679,,Sōngjiāng Dàxuéchéng,0,-2835273.3004787597,4676400.09689927
89,540,903,Dongjing,洞泾,9,31.086650866175045,121.22601449681542,-17888247,-30602918,,Dòngjīng,0,-2834195.7409379245,4675021.675375925
90,541,904,Sheshan,佘山,9,31.1068163821196,121.225258108836,-17888247,-24597154,,Shéshān,0,-2833535.40046409,4674071.628925811
91,542,905,Sijing,泗泾,9,31.120420098179427,121.25602305128022,-17788152,-18591394,,Sìjīng,0,-2835640.3434246294,4671883.235060642
92,543,906,Jiuting,九亭,9,31.139504138123012,121.3146668691812,-15291472,-11846569,,Jiǔtíng,0,-2839852.1336989384,4668043.910743011
93,544,907,Zhongchun Road,中春路,9,31.151826824093767,121.33385002806092,-10623012,-7102328,,Zhōngchūn Lù,0,-2841047.4088189416,4666489.26168665
94,545,908,Qibao,七宝,9,31.157060267179492,121.34383857442626,-5954457,-2357603,,Qībǎo,0,-2841704.7398317955,4665737.524540812
95,546,909,Xingzhong Road,星中路,9,31.160374631657852,121.364309193633,-1286097,2386731,,Xīngzhōng Lù,0,-2843272.571578413,4664559.593227213
96,547,910,Hechuan Road,合川路,9,31.169096089480895,121.38065993978071,8327428,7795622,,Héchuān Lù,0,-2844343.029096975,4663320.795946178
97,548,911,Caohejing Hi-Tech Park,漕河泾开发区,9,31.172639526102927,121.3931697626273,17996958,7795912,,Cáohéjīng Kāifāqū,0,-2845255.2149969954,4662526.078970766
98,549,912,Guilin Road,桂林路,9,31.17679784611169,121.41341507626692,26667368,7795622,,Guìlín Lù,0,-2846778.1374908215,4661316.746147354
99,550,401,Luban Road,鲁班路,4,31.201018953718197,121.47035300924443,71062582,-4364633,,Lǔbān Lù,0,-2850682.912026005,4657299.307491804
100,551,"402,819",South Xizang Road,西藏南路,48,31.203799532967484,121.48505151464158,81423027,-4388948,,Xīzàng Nánlù,0,-2851794.1743753785,4656431.64723049
101,552,403,Nanpu Bridge,南浦大桥,4,31.21041569817725,121.49539411259954,87422346,-4364633,,Nánpǔ Dàqiáo,0,-2852436.1069438774,4655592.700807392
102,553,404,Tangqiao,塘桥,4,31.211727864569212,121.51424467756654,93661412,-4364633,,Tángqiáo,0,-2853928.25668609,4654589.715147397
103,554,9101,Fujin Road,富锦路,1,31.394317124920818,121.41988456441288,65839437,105755387,,Fùjǐn Lù,0,-2840775.5057908096,4650307.496055691
104,555,9102,West Youyi Road,友谊西路,1,31.383372484771957,121.42314613058124,65839437,100932920,,Yǒuyì Xīlù,0,-2841369.7388745914,4650685.125262889
105,556,9103,Bao'an Highway,宝安公路,1,31.37118992112866,121.4263325948879,65839437,96109290,,Bǎo’ān Gōnglù,0,-2841995.0801469674,4651127.229747523
106,557,801,Shiguang Road,市光路,8,31.324606828419924,121.52764499380564,131696374,111894447,,Shìguāng Lù,0,-2851619.9586425372,4648384.981953675
107,558,802,Nenjiang Road,嫩江路,8,31.3167429893746,121.527553800639,131696374,106577167,,Nènjiāng Lù,0,-2851849.5627806033,4648775.856594659
108,559,803,Xiangyin Road,翔殷路,8,31.307265138581997,121.52752697660212,131696374,101259780,,Xiángyīn Lù,0,-2852132.96087792,4649242.704812251
109,560,804,Huangxing Park,黄兴公园,8,31.298134720899142,121.52866423322372,131696374,95942294,,Huángxīng Gōngyuán,0,-2852500.2836905047,4649634.415029801
110,561,805,Middle Yanji Road,延吉中路,8,31.29053453197361,121.53069198323789,131696374,90625015,,Yánjí Zhōnglù,0,-2852893.7397819483,4649906.546628997
111,562,806,Huangxing Road,黄兴路,8,31.280577265624384,121.52340710355207,125696374,85307629,,Huángxīng Lù,0,-2852602.2592866058,4650757.94896556
112,563,807,Jiangpu Road,江浦路,8,31.27712956924729,121.51420176221572,118696374,77990345,,Jiāngpǔ Lù,0,-2851958.7582312585,4651385.396883402
113,564,808,Anshan Xincun,鞍山新村,8,31.27494718566003,121.50526464177932,112844909,72192396,,Ānshān Xīncūn,0,-2851298.8372671762,4651937.299026297
114,565,"809,1008",Siping Road,四平路,8X,31.276955347201163,121.49684250547192,106912584,66093371,,Sìpíng Lù,0,-2850554.6079112194,4652257.810217179
115,566,810,Quyang Road,曲阳路,8,31.278514164585324,121.48626387311587,101598814,61143665,,Qūyáng Lù,0,-2849648.737069996,4652707.513645508
116,568,812,North Xizang Road,西藏北路,8,31.26541012719838,121.46440923406747,82317756,58297575,,Xīzàng Běilù,0,-2848267.491939425,4654437.438985044
117,569,813,Zhongxing Road,中兴路,8,31.255211744446846,121.4643019457039,76739047,53487900,,Zhōngxìng Lù,0,-2848565.050533562,4654943.266210415
118,570,"814,1216",Qufu Road,曲阜路,8W,31.244406860090848,121.46699488355247,76665608,36653625,,Qūfù Lù,0,-2849108.247506442,4655339.458790338
119,571,816,Dashijie,大世界,8,31.229022901334687,121.47506296826724,81317461,22584781,,Dàshìjiè,0,-2850225.5913191093,4655692.594760162
120,572,"817,1015",Laoximen,老西门,8X,31.220940044577937,121.47849619581191,81350567,14978921,,Lǎoxīmén,0,-2850747.152232824,4655918.005051675
121,573,"818,919",Lujiabang Road,陆家浜路,89,31.2138383150976,121.481537818098,81350567,7795912,,Lùjiābāng lù,0,-2851207.4304274144,4656114.689230523
122,574,"708,821",Yaohua Road,耀华路,78,31.180763226221796,121.4901262541059,81473321,-17968928,,Yàohuá Lù,0,-2852897.5533038205,4657307.032805913
123,575,601,Gangcheng Road,港城路,6,31.3551853272251,121.570490601115,158207604,79894544,,Gǎngchéng Lù,0,-2854171.98858318,4644748.843257366
124,576,602,North Waigaoqiao Free Trade Zone,外高桥保税区北,6,31.34984372790556,121.58275902463828,158207604,74733116,,Wàigāoqiáo Bǎoshuìqū Běi,0,-2855327.86456459,4644400.097453046
125,577,603,Hangjin Road,航津路,6,31.337345252584967,121.58990442944965,158207604,68444444,,Hángjīn Lù,0,-2856284.6493479167,4644657.993354394
126,578,604,South Waigaoqiao Free Trade Zone,外高桥保税区南,6,31.323580347968377,121.59789741232066,158207604,62155869,,Wàigāoqiáo Bǎoshuìqū Nán,0,-2857348.3671603333,4644935.410742479
127,579,605,Zhouhai Road,洲海路,6,31.314689825883217,121.58518374158687,158207604,55867294,,Zhōuhǎi Lù,0,-2856585.979298879,4646005.814770141
128,580,606,Wuzhou Avenue,五洲大道,6,31.3046663724996,121.584947710213,158207604,49578525,,Wǔzhōu Dàdào,0,-2856869.3267793544,4646509.557404085
129,581,607,Dongjing Road,东靖路,6,31.293110780471576,121.5846151132671,158207604,43290050,,Dōngjìng Lù,0,-2857190.965880395,4647093.142561565
130,582,"608,1205",Jufeng Road,巨峰路,6W,31.282246052112793,121.58440053655794,158407604,36723840,,Jùfēng Lù,0,-2857501.223712271,4647636.774204895
131,583,609,Wulian Road,五莲路,6,31.273938503915826,121.5837675352254,158107604,30374621,,Wǔlián Lù,0,-2857700.3441709816,4648075.731194077
132,584,610,Boxing Road,博兴路,6,31.2657311200998,121.582528352754,155959167,24917006,,Bóxìng Lù,0,-2857847.1956876586,4648539.9210979575
133,585,611,Jinqiao Road,金桥路,6,31.259338920566456,121.5778237600484,149836559,24610950,,Jīnqiáo Lù,0,-2857658.093310835,4649087.906524889
134,586,612,Yunshan Road,云山路,6,31.252496881325836,121.56838238432292,141991234,24610949,,Yúnshān Lù,0,-2857098.0245667375,4649894.099257421
135,587,613,Deping Road,德平路,6,31.24751637202555,121.5599280614957,133145910,24610950,,Dépíng Lù,0,-2856561.8107003463,4650559.729683019
136,588,614,Beiyangjing Road,北洋泾路,6,31.241104611427165,121.5476328153763,124300585,24610950,,Běiyángjīng Lù,0,-2855756.6934427856,4651486.855870414
137,589,615,Minsheng Road,民生路,6,31.237875634431663,121.53894245816892,115455260,24619739,,Mínshēng Lù,0,-2855148.2640632903,4652078.193099257
138,590,616,Yuanshen Stadium,源深体育中心,6,31.235160272888855,121.53017699910885,109321764,22153236,,Yuánshēn Tǐyù Zhōngxīn,0,-2854518.1709880345,4652648.009802198
139,592,620,Shanghai Children's Medical Center,上海儿童医学中心,6,31.2059101791363,121.519453529213,99355452,-5479083,,Shànghǎi Értóng Yīxué Zhōngxīn,0,-2854526.130013014,4654615.155111504
140,593,621,Linyi Xincun,临沂新村,6,31.195567680013095,121.51264608098872,99355452,-10347254,,Línyí Xīncūn,0,-2854283.5785856335,4655460.705595586
141,594,"622,706",West Gaoke Road,高科西路,67,31.187876628487217,121.5056723375537,97907501,-17968928,,Gāokē Xīlù,0,-2853947.7078021355,4656184.608956529
142,595,623,Dongming Road,东明路,6,31.174649862548524,121.50672376348268,92586902,-23648424,,Dōngmíng Lù,0,-2854429.9451561985,4656779.572481787
143,596,624,Gaoqing Road,高青路,6,31.1612239197168,121.511583928836,87498906,-28724304,,Gāoqīng Lù,0,-2855227.6184902755,4657194.22276019
144,597,625,West Huaxia Road,华夏西路,6,31.15202882199568,121.51062905981452,85498906,-33755359,,Huáxià Xīlù,0,-2855425.682628265,4657691.487018285
145,598,626,Shangnan Road,上南路,6,31.15118410063422,121.50168121053818,81978696,-38521569,,Shàngnán lù,0,-2854723.574350729,4658178.668954418
146,599,627,South Lingyan Road,灵岩南路,6,31.15076173713011,121.49116695120388,75076057,-38521569,,Língyán Nánlù,0,-2853881.3650158034,4658723.112745926
147,600,822,Chengshan Road,成山路,8,31.172520189720757,121.49204671574748,75522447,-24263069,,Chéngshān Lù,0,-2853300.8054319415,4657614.840832426
148,601,823,Yangsi,杨思,8,31.16314722424452,121.48924648954431,67827232,-31921859,,Yángsī,0,-2853354.1020846083,4658212.918400043
149,602,825,Lingzhao Xincun,凌兆新村,8,31.143351706078448,121.48470819188888,55329962,-47117269,,Língzhào Xīncūn,0,-2853578.1203427566,4659407.174492823
150,603,826,Luheng Road,芦恒路,8,31.12019966336012,121.49364531232528,55329962,-53610829,,Lúhéng Lù,0,-2854998.1586119,4660093.6362141445
151,604,827,Pujiang Town,浦江镇,8,31.0984108297015,121.50200307561994,55329962,-59967269,,Pǔjiāng Zhèn,0,-2856330.094806561,4660741.331011311
152,605,828,Jiangyue Road,江月路,8,31.086007701192987,121.50428831769408,55329962,-65900179,,Jiāngyuè Lù,0,-2856887.083659201,4661232.876880471
153,606,829,Lianhang Road,联航路,8,31.075881873121517,121.50618732168272,55329962,-72106429,,Liánháng Lù,0,-2857344.4518650505,4661632.318975473
154,607,830,Shendu Highway,沈杜公路,8,31.063825034311073,121.50789320661517,55329962,-78311508,,Shéndù Gōnglù,0,-2857843.781735602,4662135.408461068
155,608,701,Huamu Road,花木路,7,31.21351715303476,121.55799687101415,125804379,3833022,,Huāmù Lù,0,-2857427.9567581387,4652321.440254404
156,609,703,Fanghua Road,芳华路,7,31.195393307487524,121.5457445402276,114736509,-7546764,,Fānghuá Lù,0,-2856977.6941939597,4653819.608653979
157,610,704,Jinxiu Road,锦绣路,7,31.189703080368485,121.53597057058045,109561804,-12757994,,Jǐnxiù Lù,0,-2856354.667592805,4654585.398604636
158,611,705,South Yanggao Road,杨高南路,7,31.18997842181507,121.5195769090819,104387194,-17968928,,Yánggāo Nánlù,0,-2855014.4999208725,4655389.000790251
159,612,707,Yuntai Road,云台路,7,31.184443904966436,121.4961022157848,90148516,-17968349,,Yúntái Lù,0,-2853272.9074177644,4656829.284568865
160,613,709,Changqing Road,长清路,7,31.176761128853773,121.4818114061531,71691487,-17968928,,Chángqīng Lù,0,-2852341.614005884,4657916.906748948
161,614,711,Middle Longhua Road,龙华中路,7,31.18698929545971,121.45262133217508,55886212,-11302719,,Lónghuá Zhōng Lù,0,-2849661.838252573,4658868.585067791
162,615,"713,915",Zhaojiabang Road,肇嘉浜路,79,31.2011818922475,121.445920595983,55886412,7795912,,Zhàojiābāng Lù,0,-2848691.776756754,4658506.505270681
163,616,716,Changping Road,昌平路,7,31.23550887096672,121.43801629735464,55886117,33369056,,Chāngpíng Lù,0,-2847020.207816187,4657216.403179019
164,617,717,Changshou Road,长寿路,7,31.241906972754,121.433634573393,54054572,39336146,,Chángshòu Lù,0,-2846472.1789642917,4657120.218304847
165,618,719,Langao Road,岚皋路,7,31.257871500842576,121.41732037259878,49894027,50442106,,Lángāo Lù,0,-2844667.35721853,4657146.895444401
166,619,720,Xincun Road,新村路,7,31.26554768777812,121.41823232366228,49894027,55576235,,Xīncūn Lù,0,-2844511.2477228288,4656724.702106566
167,620,721,Dahuasan Road,大华三路,7,31.27587332940021,121.41857564641492,49894027,60710365,,Dàhuásān Lù,0,-2844229.366721664,4656200.51859227
168,621,722,Xingzhi Road,行知路,7,31.2865554190806,121.41739547445148,49894027,65844545,,Xíngzhī Lù,0,-2843812.8932384667,4655734.291321421
169,622,723,Dachang Town,大场镇,7,31.29511855521296,121.41181647969807,49894027,70978675,,Dàchǎng Zhèn,0,-2843102.5358714284,4655590.3274172535
170,623,724,Changzhong Road,场中路,7,31.305532627338746,121.40906989766772,49894027,76112806,,Chǎngzhōng Lù,0,-2842566.73804268,4655214.640079848
171,624,725,Shangda Road,上大路,7,31.315982211645306,121.40426337911234,49894027,81246934,,Shàngdà Lù,0,-2841862.4667019313,4654939.187091323
172,625,726,Nanchen Road,南陈路,7,31.32324124036045,121.39352381421992,49894027,86381114,,Nánchén Lù,0,-2840771.958260634,4655114.663621712
173,626,727,Shanghai University,上海大学,7,31.322581351783608,121.38400733663276,49894027,91515244,,Shànghǎi Dàxué,0,-2840018.5409859745,4655618.905139524
174,627,916,Jiashan Road,嘉善路,9,31.204579548770013,121.45620167447824,62449008,7795622,,Jiāshàn Lù,0,-2849425.8028696757,4657828.7846004255
175,628,917,Dapuqiao,打浦桥,9,31.208149186069853,121.46382987691672,68544127,7795622,,Dǎpǔqiáo,0,-2849938.874703916,4657274.468187885
176,629,918,Madang Road,马当路,9,31.211425058557044,121.47275626852216,74638657,7795912,,Mǎdāng Lù,0,-2850566.1600293256,4656669.888956937
177,630,920,Xiaonanmen,小南门,9,31.218838939112512,121.493977906247,86937386,7795622,,Xiǎonánmén,0,-2852068.188195279,4655250.504027672
178,631,921,Shangcheng Road,商城路,9,31.232435659386415,121.51177704526712,95328011,15604411,,Shāngchéng Lù,0,-2853105.746061045,4653698.011492633
179,633,1102,Longde Road,隆德路,E,31.232408137637076,121.41918719007656,45062193,35636146,,Lóngdé Lù,0,-2845582.4828848676,4658303.895938281
180,634,1104,Fengqiao Road,枫桥路,E,31.243920702951737,121.40635550213923,33917368,46830191,,Fēngqiáo Lù,0,-2844194.211451706,4658376.08638291
181,635,1105,Zhenru,真如,E,31.2526878582159,121.402783010609,33656333,52123350,,Zhēnrú,0,-2843641.0093320343,4658123.029644243
182,636,1106,Shanghai West Railway Station,上海西站,E,31.264703979732452,121.3962382097394,33656333,56610365,,Shànghǎi Xīzhàn,0,-2842748.7549097575,4657857.722154039
183,637,1107,Liziyuan,李子园,E,31.2706524937004,121.385290519642,33656333,61097475,,Lǐzǐyuán,0,-2841680.432198818,4658108.573980643
184,638,1108,Qilianshan Road,祁连山路,E,31.2732579101052,121.372300406508,33656333,65584485,,Qíliánshān Lù,0,-2840546.2058702963,4658624.6893019825
185,639,1109,Wuwei Road,武威路,E,31.278312436727237,121.36037171079926,33656333,70071306,,Wǔwēi Lù,0,-2839424.828643436,4658967.534969251
186,640,1110,Taopu Xincun,桃浦新村,E,31.283538882882244,121.34501874639868,33656333,74558311,,Táopǔ Xīncūn,0,-2838019.7931647636,4659471.248105862
187,641,1111,Nanxiang,南翔,E,31.298877287916586,121.31876528455136,33656333,79045325,,Nánxiáng,0,-2835425.3484014245,4660016.58082318
188,642,1112,Malu,马陆,E,31.32155484924863,121.27254545881324,33656333,83532339,,Mǎlù,0,-2830986.9533754205,4661185.567553029
189,643,1113,Jiading Xincheng,嘉定新城,E,31.33198432734375,121.24987542821604,29143933,88019154,,Jiādìng Xīnchéng,0,-2828830.561541734,4661791.341135195
190,644,1114,Baiyin Road,白银路,E,31.347149915400617,121.24093830777964,29143933,93104405,,Báiyín Lù,0,-2827649.7917866823,4661484.789921247
191,645,1115,West Jiading,嘉定西,E,31.379195783771983,121.22336447431768,29143933,98665834,,Jiādìng Xī,0,-2825261.2737207315,4660770.475702645
192,646,1116,North Jiading,嘉定北,E,31.39356615271984,121.23315990163576,29143933,104227357,,Jiādìng Běi,0,-2825627.770635394,4659577.846699641
193,651,201,Jinke Road,金科路,2,31.206350619590843,121.59757554723892,136665319,-3163268,,Jīnkē Lù,0,-2860856.72265053,4650697.171654224
194,652,202,Guanglan Road,广兰路,2,31.212984957951782,121.61665141774608,144100379,-3612684,,Guǎnglán Lù,0,-2862205.139953113,4649419.851043383
195,653,299,East Xujing,徐泾东,2,31.191355117036967,121.29729688359744,-41229067,22260561,,Xújīng Dōng,0,-2836891.3290217277,4666362.474389573
196,654,"297,1027",Hongqiao Airport Terminal 2,虹桥2号航站楼,2X,31.1948058189665,121.327686042358,-23389272,21387711,,Hóngqiáo Èrhào Hángzhàn Lóu,0,-2839262.900470061,4664687.893958052
197,655,1151,Shanghai Circuit,上海赛车场,E,31.33388130503363,121.22169077588715,21974158,88045029,,Shànghǎi Sàichēchǎng,0,-2826480.3210046086,4663088.789236538
198,656,1152,East Changji Road,昌吉东路,E,31.2953752669687,121.195871825344,14804868,88157919,,Chāngjí Dōnglù,0,-2825528.061368499,4666260.0865213275
199,657,1153,Shanghai Automobile City,上海汽车城,E,31.287270588179,121.17617368698,7635873,88045029,,Shànghǎi Qìchēchéng,0,-2824165.2564160572,4667630.539963175
200,658,1154,Anting,安亭,E,31.290387839548824,121.15759670926732,466882,88045029,,Āntíng,0,-2822558.8524082275,4668392.365054084
201,659,923,Middle Yanggao Road,杨高中路,9,31.22961922547289,121.54430687619517,113152034,17918471,,Yánggāo Zhōnglù,0,-2855832.138768742,4652215.386753885
202,660,203,Tangzhen,唐镇,2,31.21650840069666,121.65275395109327,151594224,-4163268,,Tángzhèn,0,-2865027.965758921,4647443.090148804
203,661,204,Middle Chuangxin Road,创新中路,2,31.215774360952828,121.66951239301542,159178989,-4163268,,Chuàngxīn Zhōnglù,0,-2866409.318749678,4646640.797863655
204,662,205,East Huaxia Road,华夏东路,2,31.198635872918693,121.67678963280822,165034749,-8163268,,Huáxià Dōnglù,0,-2867516.4913870627,4647114.574397166
205,663,206,Chuansha,川沙,2,31.18874855714884,121.69369518948882,165034749,-13613953,,Chuānshā,0,-2869185.8300578427,4646751.392284013
206,664,207,Lingkong Road,凌空路,2,31.19482430017259,121.71907961560557,165034749,-19064734,,Língkōng Lù,0,-2871060.8291148953,4645182.998575113
207,665,208,Yuandong Avenue,远东大道,2,31.201450270046244,121.75120175077718,165034749,-24515414,,Yuǎndōng Dàdào,0,-2873464.385463614,4643249.054167653
208,666,209,Haitiansan Road,海天三路,2,31.170436368661136,121.7927545328253,165034749,-29966194,,Hǎitiānsān Lù,0,-2877769.1528354133,4642677.30846885
209,667,"210,99002",Pudong International Airport,浦东国际机场,2M,31.15237772644872,121.80174529745248,164932799,-35931629,,Pǔdōng Guójì Jīchǎng,0,-2879043.613729784,4643106.1832841225
210,668,1099,Hangzhong Road,航中路,X,31.167388583054727,121.34953558637422,-18073352,-1142759,,Hángzhōng Lù,0,-2841860.3642129283,4664948.895185104
211,669,1098,Ziteng Road,紫藤路,X,31.171611392341145,121.35963142111213,-11929312,4974037,,Zǐténg Lù,0,-2842556.2029632595,4664241.146978555
212,670,1097,Longbai Xincun,龙柏新村,X,31.178968745345,121.36591315269,-5785367,11090641,,Lóngbǎi Xīncūn,0,-2842847.7674936303,4663568.911739249
213,671,1024,Longxi Road,龙溪路,X,31.196393650763273,121.3757568617017,4445689,14978921,,Lóngxī Lù,0,-2843128.0704898788,4662226.27597109
214,672,1023,Shuicheng Road,水城路,X,31.2010464927243,121.387714145295,11621568,14978721,,Shuǐchéng Lù,0,-2843961.8082391503,4661404.709257208
215,673,1022,Yili Road,伊犁路,X,31.2008721221788,121.39872729970976,19194518,14978721,,Yīlí Lù,0,-2844862.9692238835,4660866.517403381
216,674,1021,Songyuan Road,宋园路,X,31.198403482802796,121.40740692808616,26667368,14978721,,Sòngyuán Lù,0,-2845642.8894643425,4660556.51238863
217,675,"1019,1100",Jiaotong University,交通大学,XE,31.204157423370216,121.43043101026704,44928547,14957826,,Jiāotōng Dàxué,0,-2847343.1471700957,4659130.626633707
218,676,1018,Shanghai Library,上海图书馆,X,31.20988348563916,121.43959343626156,50405062,15078726,,Shànghǎi Túshūguǎn,0,-2847916.5962293274,4658394.583515162
219,677,1016,Xintiandi,新天地,X,31.21804986560896,121.47020280553905,74638657,14971206,,Xīntiāndì,0,-2850159.901352094,4656472.254802434
220,678,1014,Yuyuan Garden,豫园,X,31.229683444770455,121.48280918790924,89443246,19748061,,Yùyuán,0,-2850835.171203028,4655274.828878681
221,679,"1012,1215",Tiantong Road,天潼路,XW,31.245608483035397,121.47776663496477,89391658,36653625,,Tiāntóng Lù,0,-2849947.328140301,4654744.800931972
222,680,1011,North Sichuan Road,四川北路,X,31.253909353639287,121.47974074079713,89295686,40319345,,Sìchuān Běilù,0,-2849858.3815620714,4654239.423837805
223,681,1009,Youdian Xincun,邮电新村,X,31.270664798857393,121.4900296945733,106829579,58066616,,Yóudiàn Xīncūn,0,-2850190.534356069,4652905.474550634
224,682,1007,Tongji University,同济大学,X,31.284629981583112,121.50219619466718,106908289,72216225,,Tóngjì Dàxué,0,-2850758.4326008386,4651614.726351422
225,683,1006,Guoquan Road,国权路,X,31.2912817623396,121.50577962741,106920689,77130970,,Guóquán Lù,0,-2850849.1915934477,4651109.865676763
226,684,1005,Wujiaochang,五角场,X,31.300114886609876,121.51030719473276,106920689,82045715,,Wǔjiǎochǎng,0,-2850950.8249597135,4650450.851728656
227,685,1004,Jiangwan Stadium,江湾体育场,X,31.305019284555815,121.50977075292386,106920689,86960459,,Jiāngwān Tǐyùchǎng,0,-2850759.62598007,4650236.67999377
228,686,1003,Sanmen Road,三门路,X,31.31489147589412,121.50370896055232,106920689,91875204,,Sānmén Lù,0,-2849970.3860808075,4650053.282897695
229,687,1002,East Yingao Road,殷高东路,X,31.323635338277036,121.5021961946582,106920689,96789954,,Yīngāodōng Lù,0,-2849584.286773128,4649698.859347071
230,688,1001,Xinjiangwancheng,新江湾城,X,31.3306371924781,121.502255202328,106920689,101704702,,Xīnjiāngwānchéng,0,-2849378.164144333,4649351.779146638
231,689,710,Houtan,后滩,7,31.175053760613626,121.4677351732396,62831137,-17968928,,Hòutān,0,-2851248.3416292956,4658701.102665432
232,692,"298,1028",Hongqiao Railway Station,虹桥火车站,2X,31.19619470749338,121.3164080295624,-33255972,21438881,,Hóngqiáo Huǒchē Zhàn,0,-2838303.198817481,4665178.539403399
233,693,1025,Shanghai Zoo,上海动物园,X,31.192209,121.363242,-6982926,20352356,,Shànghǎi Dòngwùyuán,0,-2842234.7237088024,4663052.370543271
234,694,1026,Hongqiao Airport Terminal 1,虹桥1号航站楼,X,31.193466,121.342685,-14548842,20768961,,Hóngqiáo Yīhào Hángzhàn Lóu,0,-2840523.9513228056,4664010.180457064
235,695,728,Qihua Road,祁华路,7,31.3234795323215,121.36921227170303,49894027,96846888,,Qíhuá Lù,0,-2838789.310913515,4656307.903275277
236,696,729,Gucun Park,顾村公园,7,31.3478858885169,121.36741291619396,49894027,101649374,,Gùcūn Gōngyuán,0,-2837910.551281478,4655195.441860974
237,697,730,Liuhang,刘行,7,31.35966541107441,121.35778606130528,49875767,106783507,,Liúháng,0,-2836774.7083133417,4655091.893803668
238,698,731,Panguang Road,潘广路,7,31.365950017013244,121.3513702173411,49894027,111917687,,Pānguǎng Lù,0,-2836064.738635901,4655099.811982166
239,699,732,Luonan Xincun,罗南新村,7,31.390415667297567,121.35288298322624,49894027,117051822,,Luōnán Xīncūn,0,-2835452.7436304856,4653818.739295525
240,700,733,Meilan Lake,美兰湖,7,31.403658,121.345378,49894027,122185952,,Měilán Hú,0,-2834445.226495986,4653536.833867437
241,701,"628,824,1194",Oriental Sports Center,东方体育中心,68E,31.155548314143665,121.47572051620864,61633287,-38382899,,Dōngfāng Tǐyù Zhōngxīn,0,-2852481.960865221,4659258.1760873655
242,702,77,Pudian Road,浦电路,4,31.2241971244922,121.52802050306022,104890904,11178431,,Pǔdiàn Lù,1,-2854672.600197365,4653292.627340095
243,703,820,China Art Museum,中华艺术宫,8,31.187234149597693,121.48930013371712,81537386,-12404379,,Zhōnghuá Yìshù Gōng,0,-2852636.3596771597,4657031.386587241
244,704,1301,Jinyun Road,金运路,T,31.242966726953853,121.3146668691812,-33529067,35335851,,Jīnyùn Lù,0,-2836764.433374178,4662968.463142005
245,705,1302,West Jinshajiang Road,金沙江西路,T,31.243177703244616,121.3308888693034,-22439606,35335851,,Jīnshājiāng Xi Lù,0,-2838078.224697617,4662154.747378241
246,706,1303,Fengzhuang,丰庄,T,31.24451693305702,121.35035097791403,-11350145,35335851,,Fēngzhuāng,0,-2839621.622352069,4661124.673745704
247,707,1304,South Qilianshan Road,祁连山南路,T,31.239719467200707,121.36274278356608,-260684,35200991,,Qíliánshān Nán Lù,0,-2840773.2364409654,4660745.988100797
248,708,1305,Zhenbei Road,真北路,T,31.23400438584746,121.37776315405392,10828776,35335851,,Zhēnběi Lù,0,-2842166.069708242,4660281.646045363
249,709,1306,Daduhe Road,大渡河路,T,31.2336576,121.3896152,21918237,35200991,,Dàdùhé Lù,0,-2843140.40622164,4659710.64307113
250,710,998,Songjiang South Railway Station,松江南站,9,30.98662324579119,121.2266689558189,-17888152,-60631629,,Sōngjiāng Nán Zhàn,0,-2837213.436508495,4679878.797517573
251,711,999,Zuibaichi Park,醉白池,9,31.002938565366488,121.22420132352842,-17888152,-54625869,,Zuìbáichí ,0,-2836529.0031806077,4679204.4232578715
252,712,900,Songjiang Sports Center,松江体育中心,9,31.01838680191802,121.22625053121352,-17888152,-48620103,,Sōngjiāng Tǐyù Zhōngxīn,0,-2836238.902403363,4678348.406876864
253,714,"1188,1603",Luoshan Road,罗山路,ES,31.155178097241656,121.58899247838616,121739049,-45090655,,Luóshān Lù,0,-2861698.7119418047,4653627.8964803815
254,715,1189,Yuqiao,御桥,E,31.160592,121.567127,109170911,-44996579,,Yùqiáo,0,-2859759.98284805,4654455.038995685
255,716,1191,Pusan Road,浦三路,E,31.153198,121.534627,96888903,-44996579,,Pǔsān Lù,0,-2857341.20076038,4656437.946634092
256,717,1192,East Sanlin,三林东,E,31.14875089377148,121.51876151754205,84606895,-44996579,,Sānlín Dōng,0,-2856185.039022452,4657446.408394145
257,718,1193,Sanlin,三林,E,31.145234110849156,121.50708854390624,72324888,-44996579,,Sānlín,0,-2855341.5067569837,4658200.152123465
258,719,1195,Longyao Road,龙耀路,E,31.161538,121.4552,45165220,-20364333,,Lóngyào Lù,0,-2850633.7578527876,4659986.383356694
259,720,1196,Yunjin Road,云锦路,E,31.16990393125694,121.45326197340064,44928547,-15299894,,Yúnjǐn Lù,0,-2850225.6559554213,4659673.3133340515
260,721,1197,Longhua,龙华,E,31.174718,121.448313,44928547,-10960434,,Lónghuá,0,-2849679.02123257,4659683.793451333
261,722,1198,Shanghai Swimming Center,上海游泳馆,E,31.181314,121.436643,44928547,-6609751,,Shànghǎi Yóuyǒng Guǎn,0,-2848532.4167002765,4659941.090246434
262,723,1155,Zhaofeng Road,兆丰路,E,31.2909204,121.1453519,-6930124,88019154,,Zhàofēng Lù,0,-2821545.233552585,4668969.226355906
263,724,1156,Guangming Road,光明路,E,31.2981094,121.1129497,-14327130,88019154,,Guāngmíng Lù,0,-2818690.4221051154,4670209.66098041
264,725,1157,Huaqiao,花桥,E,31.3005804,121.1001006,-21724136,88019154,,Huāqiáo,0,-2817569.495505165,4670719.78764289
265,726,1214,International Cruise Terminal,国际客运中心,W,31.252102485932607,121.49350583745984,94802621,36653626,,Guójì Kèyùn Zhōngxīn,0,-2851030.759844371,4653643.248795688
266,727,1213,Tilanqiao,提篮桥,W,31.2557620450221,121.50217473699628,99366292,36653625,,Tílánqiáo,0,-2851624.826361146,4653032.342196277
267,728,1211,Jiangpu Park,江浦公园,W,31.266492265009756,121.51912629796564,112326382,36653625,,Jiāngpǔ Gōngyuán,0,-2852678.5927628996,4651662.1573466705
268,729,1210,Ningguo Road,宁国路,W,31.27101326586323,121.52882516576908,120006586,36653625,,Níngguó Lù,0,-2853329.9160745023,4650957.4245465435
269,730,1209,Longchang Road,隆昌路,W,31.277459673292324,121.54051959706683,127686789,36653625,,Lóngchāng Lù,0,-2854085.0515124314,4650058.712974307
270,731,1208,Aiguo Road,爱国路,W,31.28188118454807,121.5481180840442,135366993,36723840,,Àiguó Lù,0,-2854568.5337494966,4649463.251259944
271,732,1207,Fuxing Island,复兴岛,W,31.282878716193277,121.55675232602896,143047197,36723840,,Fùxīng Dǎo,0,-2855239.1009942875,4648984.089095587
272,733,1206,Donglu Road,东陆路,W,31.28466665695063,121.57489478780175,150727400,36653625,,Dōnglù Lù,0,-2856657.138024814,4647992.05664402
273,734,1204,North Yanggao Road,杨高北路,W,31.28222771396045,121.59853041364426,165524840,36653625,,Yánggāo Běi Lù,0,-2858647.8570701308,4646932.83551769
274,735,1203,Jinjing Road,金京路,W,31.281705075112576,121.61096513463808,171642076,36653625,,Jīnjīng Lù,0,-2859672.069981996,4646337.947508667
275,736,1202,Shenjiang Road,申江路,W,31.282291897478373,121.62210166647398,177759313,36653625,,Shēnjiāng Lù,0,-2860557.4071199424,4645753.259570442
276,737,1201,Jinhai Road,金海路,W,31.265584370565772,121.6345471162988,183876549,36653625,,Jīnhǎi Lù,0,-2862070.8498043427,4645950.559695342
277,738,1604,East Zhoupu,周浦东,S,31.112392266649376,121.60269320203612,125622308,-49141798,,Zhōupǔ Dōng,0,-2864096.694062985,4655032.432027265
278,739,1605,Heshahangcheng,鹤沙航城,S,31.08010875646999,121.60700619412444,129791697,-53287016,,Hèshāhángchéng,0,-2865415.9472797546,4656391.232350448
279,740,1606,East Hangtou,航头东,S,31.05693209986627,121.61333620740491,133961086,-57432235,,Hángtóu Dōng,0,-2866625.4762959913,4657203.930750339
280,741,1607,Xinchang,新场,S,31.04768559292352,121.645082833313,138130476,-61577453,,Xīnchǎng,0,-2869482.9525570204,4656065.042370567
281,742,1608,Wild Animal Park,野生动物园,S,31.052373298193867,121.69492900564305,142299865,-65722672,,Yěshēng Dòngwùyuán,0,-2873391.70669615,4653338.800448124
282,743,1609,Huinan,惠南,S,31.0559152185,121.758415957,146469255,-69867890,,Huìnán,0,-2878439.4825367937,4649979.824018874
283,744,1610,East Huinan,惠南东,S,31.02879455877106,121.78958952618956,150638644,-74013108,,Huìnán Dōng,0,-2881785.8605007194,4649730.987440821
284,745,1611,Shuyuan,书院,S,30.961528628686676,121.84667766287252,154808033,-78158327,,Shūyuàn,0,-2888443.728859255,4650119.680358207
285,746,1612,Lingang Avenue,临港大道,S,30.925972766869403,121.90659821226056,158977423,-82303545,,Língǎng Dàdào,0,-2894376.623435516,4648817.0928411735
286,747,1613,Dishui Lake,滴水湖,S,30.909266884604275,121.92584574414404,163146812,-86448763,,Dīshuǐ Hú,0,-2896441.3994958876,4648652.205857102
