,,clean,smell,noise,town,district,longitude,latitude,transformed_longitude,transformed_latitude
1,万寿社区居委会,3,0.0,0.0,盈浦街道,青浦区,121.104287016932,31.1558823799679,-2822207.586532274,4677635.626522204
2,万泰花园第一居委会,3,1.0,0.0,七宝镇,闵行区,121.351529089795,31.144326843509,-2842710.938446562,4665979.72602233
3,万科阳光苑居委会,2,0.0,0.0,吴泾镇,闵行区,121.468520387505,31.0422853979528,-2855282.4247519798,4665148.863744967
4,万豪居委会,3,0.0,0.0,长征镇,普陀区,121.367237458941,31.2407251034807,-2841108.7489309586,4660473.749148724
5,万里名轩社区居委会,2,,0.0,万里街道,普陀区,121.403601417271,31.269155049366,-2843213.856075277,4657273.732656028
6,万馨居委会,3,0.0,0.0,川沙新镇,浦东新区,121.668505522212,31.1953057158861,-2866944.9660174134,4647691.899672414
7,三乐里居委会,1,,0.0,江宁路街道,静安区,121.446436165896,31.2407917918077,-2847546.1032922533,4656538.823789324
8,三林苑居委会,4,,0.0,东明路街道,浦东新区,121.517370728276,31.1472482776858,-2856117.0315234005,4657589.198483183
9,三泉路一零一五弄居委会,3,0.0,0.0,彭浦新村街道,静安区,121.43631336367,31.3199436665669,-2844346.8193214927,4653153.990616228
10,三泉路七七零弄居委会,3,0.0,0.0,彭浦新村街道,静安区,121.436859112757,31.3170628592636,-2844477.7340611573,4653268.5548128765
11,三湘居委会,3,0.0,0.0,五角场街道,杨浦区,121.485432275279,31.3020103279143,-2848874.5420122347,4651595.042748084
12,三湘盛世花苑居委会,2,0.0,0.0,张庙街道,宝山区,121.447584620833,31.3274228855577,-2845037.2180169113,4652226.572686898
13,上南五村居委会,3,0.0,0.0,周家渡街道,浦东新区,121.495845054905,31.1819830763579,-2853325.8104142975,4656962.548141955
14,上南四村居委会,2,,0.0,周家渡街道,浦东新区,121.493729505012,31.1742910606839,-2853384.5063177557,4657444.375540823
15,上炼新村二居委会,3,0.0,0.0,高桥镇,浦东新区,121.566878362846,31.3390515476908,-2854366.312105923,4645721.669688754
16,世强居委会,3,0.0,1.0,叶榭镇,松江区,121.313354508403,30.9468041892619,-2845471.1605554316,4677521.545491163
17,世纪名门居委会,3,,0.0,莘庄镇,闵行区,121.37233702953,31.1099139634587,-2845432.0731986826,4666631.022626238
18,东南居委会,2,0.0,0.0,潍坊新村街道,浦东新区,121.511941125382,31.2272922646263,-2853273.6112908674,4653941.906525315
19,东南居委会,2,0.0,0.0,周浦镇,浦东新区,121.577741975311,31.1137186964607,-2862029.450659754,4656214.510803116
20,东场居委会,2,0.0,0.0,书院镇,浦东新区,121.892088710925,30.9212634413547,-2893341.0256510866,4649777.720302574
21,东城新村第六居委会,2,0.0,0.0,花木街道,浦东新区,121.528614912248,31.2012361296437,-2855410.745322891,4654387.516391304
22,东城新村第四居委会,3,0.0,0.0,花木街道,浦东新区,121.532967564401,31.2062656736219,-2855613.2284417977,4653924.338490088
23,东大名居委会,2,0.0,0.0,提篮桥街道,虹口区,121.506737160591,31.2517421240997,-2852116.1830873494,4653002.408482506
24,东安一村北居委会,3,,0.0,枫林路街道,徐汇区,121.452791787211,31.1920534993695,-2849523.9731615726,4658612.055713446
25,东安一村南居委会,3,,0.0,枫林路街道,徐汇区,121.454575446799,31.1910219230233,-2849699.907533764,4658573.875688704
26,东安四村居委会,2,,0.0,枫林路街道,徐汇区,121.447128413645,31.1894800021004,-2849140.5741405003,4659019.758334086
27,东方居委会,2,0.0,0.0,塘桥街道,浦东新区,121.517032051687,31.2068942062027,-2854299.860352217,4654687.601631865
28,东林居委会,2,0.0,0.0,朱泾镇,金山区,121.160669007168,30.8965166419295,-2834478.5472498755,4687539.315406483
30,东波苑第四居委会,3,0.0,0.0,沪东新村街道,浦东新区,121.57776434235,31.2876519598701,-2856799.9099434875,4647702.542746324
31,东白林寺居委会,2,0.0,1.0,定海路街道,杨浦区,121.543402583362,31.2765613810029,-2854346.078788649,4649959.1647529695
33,东陆路一居委会,3,0.0,0.0,浦兴路街道,浦东新区,121.592416481135,31.2730692730285,-2858428.1603893563,4647686.916956239
34,东陆路二居委会,4,,0.0,浦兴路街道,浦东新区,121.591435765048,31.2702723490896,-2858432.9350590417,4647872.962763961
35,东风居委会,3,,1.0,外滩街道,黄浦区,121.476771261684,31.2384342928083,-2850081.87835106,4655146.157125663
36,东风居委会,3,,1.0,张堰镇,金山区,121.283914860382,30.8060810454039,-2847225.026211246,4685825.426988642
37,中凯居委会,3,0.0,0.0,南京西路街道,静安区,121.46132993273,31.2272511656088,-2849162.7560634725,4656462.49336733
38,中凯居委会,3,0.0,0.0,南京西路街道,静安区,121.46132993273,31.2272511656088,-2849162.7560634725,4656462.49336733
39,中原路九十九弄居委会,2,0.0,1.0,五角场镇,杨浦区,121.52689846799,31.3157262229868,-2851827.030330882,4648858.420742253
40,中山东一路居委会,4,0.0,0.0,外滩街道,黄浦区,121.485321703633,31.2356838584233,-2850859.1437572073,4654855.636714697
41,中海馨园居委会,3,,0.0,漕河泾街道,徐汇区,121.424472100906,31.162338901619,-2848110.2265792494,4661475.306871681
42,中港居委会,2,0.0,0.0,海湾镇,奉贤区,121.70041899564,30.8604809217571,-2879588.129338737,4662374.253676174
43,中环家园社区居委会,3,0.0,1.0,万里街道,普陀区,121.408071457032,31.2680848750169,-2843609.2887775367,4657104.463514628
44,中联村居委会,1,,0.0,定海路街道,杨浦区,121.548012832826,31.2726669298349,-2854837.5083633168,4649920.5086588
45,中远两湾城第三居委会,3,0.0,1.0,宜川路街道,普陀区,121.432523701507,31.2523889533875,-2846067.498376524,4656661.015640633
46,丰怡苑居委会,2,0.0,0.0,曹路镇,浦东新区,121.671410156153,31.2682205629286,-2864979.724000969,4643979.084235033
47,临汾路一二四四弄居委会,3,0.0,0.0,彭浦新村街道,静安区,121.4383433044,31.3140192557841,-2844689.7540301164,4653344.516936575
48,丽二居委会,3,0.0,0.0,打浦桥街道,黄浦区,121.474220823931,31.2091499172349,-2850753.4364089957,4656708.50428588
49,九城湖滨社区居委会,3,0.0,1.0,九里亭街道,松江区,121.314838209016,31.1507703672587,-2839530.315566902,4667483.483146016
50,九茂居委会,2,0.0,1.0,长寿路街道,普陀区,121.436921996053,31.2423449443637,-2846726.247009908,4656935.401671479
51,云南居委会,3,0.0,0.0,外滩街道,黄浦区,121.477493438871,31.2287098614709,-2850432.4779936923,4655587.031367423
52,云台路二居委会,3,,0.0,周家渡街道,浦东新区,121.504411498491,31.1766573100868,-2854181.8027286367,4656796.530108552
53,交大新村居委会,3,0.0,0.0,徐家汇街道,徐汇区,121.422759228755,31.193064227632,-2847051.4325213237,4660055.515108521
54,交大新村居委会,3,,0.0,徐家汇街道,徐汇区,121.422759228755,31.193064227632,-2847051.4325213237,4660055.515108521
55,交通公园居委会,3,0.0,0.0,芷江西路街道,静安区,121.463362397856,31.2500182289581,-2848644.648373643,4655244.798695989
56,交通社区居委会,3,0.0,,堡镇,崇明区,121.615000395751,31.5434368736129,-2852070.595026937,4633256.1678268835
57,亭中居委会,3,0.0,1.0,九亭镇,松江区,121.326948402346,31.130158222524,-2841131.2367350287,4667892.734804582
59,仓桥社区居委会,4,0.0,0.0,夏阳街道,青浦区,121.123877371743,31.1588531662407,-2823718.694151366,4676524.5090641575
60,众乐里居委会,2,0.0,0.0,江宁路街道,静安区,121.446789616547,31.2347919953543,-2847754.8053570623,4656815.565660156
61,会稽居委会,2,,1.0,豫园街道,黄浦区,121.477871887077,31.2245281155801,-2850588.7397905523,4655773.196569429
62,伟业居委会,3,0.0,0.0,沪东新村街道,浦东新区,121.57911954603,31.2845291378095,-2857004.0006780303,4647788.151009208
63,佳木斯路三一五弄居委会,1,0.0,0.0,五角场镇,杨浦区,121.534568863062,31.297852523775,-2852987.938764227,4649354.278977703
64,佳木斯路居委会,1,,0.0,五角场镇,杨浦区,121.538516260017,31.3031306277762,-2853149.219622512,4648898.588953581
65,侯黄桥社区居委会,3,0.0,1.0,嘉定镇街道,嘉定区,121.231667486165,31.3743961388707,-2826080.3246158743,4660597.92863775
66,元丰花园居委会,3,0.0,0.0,北新泾街道,长宁区,121.374800250131,31.2195953377546,-2842356.275504995,4661135.739972602
67,元吉新村居委会,3,0.0,0.0,马桥镇,闵行区,121.379520352682,31.0468922848511,-2847895.2475050515,4669353.590056949
68,兆庆居委会,2,0.0,0.0,提篮桥街道,虹口区,121.498237282124,31.2568522599239,-2851272.287189439,4653174.82171869
69,光华绿苑居委会,3,0.0,0.0,华泾镇,徐汇区,121.448506461004,31.1131900902504,-2851535.4906941433,4662684.047997573
70,光明社区居委会,2,0.0,,堡镇,崇明区,121.610751852715,31.5345688297877,-2851996.611149894,4633905.658864743
71,共富新村第五居委会,3,0.0,0.0,顾村镇,宝山区,121.423363615438,31.3473855974673,-2842470.1520292535,4652446.560054467
72,共康八村一居委会,2,0.0,0.0,庙行镇,宝山区,121.428870038421,31.3261098187132,-2843556.973830114,4653220.190051708
73,共康六村一居委会,3,0.0,0.0,庙行镇,宝山区,121.436393796336,31.329580726969,-2844063.6265316955,4652676.029254112
74,共康四村第二居委会,3,0.0,0.0,彭浦新村街道,静安区,121.429496286724,31.3192593175634,-2843813.7317875675,4653526.034325308
75,内江路三八四弄居委会,3,,0.0,长白新村街道,杨浦区,121.545003597837,31.2871811809667,-2854156.148348212,4649358.354119351
76,内江路三八四弄居委会,2,,0.0,长白新村街道,杨浦区,121.545003597837,31.2871811809667,-2854156.148348212,4649358.354119351
77,凉城新村第一居委会,3,0.0,0.0,凉城新村街道,虹口区,121.471474570495,31.2925805324656,-2848024.8451183233,4652752.146951748
78,凉城新村第四居委会,3,0.0,0.0,凉城新村街道,虹口区,121.470228327775,31.2982741781108,-2847752.4502469446,4652534.407278272
79,凉州路居委会,2,,0.0,定海路街道,杨浦区,121.553178253573,31.2729827663416,-2855247.1912706206,4649647.625088515
80,凌兆新村第九居委会,1,0.0,0.0,东明路街道,浦东新区,121.492403679486,31.1476944160644,-2854073.817122566,4658811.51323185
81,凌兆新村第十一居委会,2,0.0,0.0,东明路街道,浦东新区,121.488891100244,31.1468793640914,-2853812.6127631743,4659026.334628546
82,凌兆新村第十二居委会,2,0.0,0.0,东明路街道,浦东新区,121.485772901598,31.1461890049187,-2853579.728172123,4659215.400985878
83,凌河路四居委会,3,0.0,0.0,浦兴路街道,浦东新区,121.589557094784,31.2786895591758,-2858026.745506059,4647553.988723036
84,凤翔居委会,2,1.0,0.0,朱泾镇,金山区,121.162573415131,30.9026065378614,-2834454.931982958,4687148.406658069
85,北唐社区居委会,4,0.0,1.0,青村镇,奉贤区,121.571791627181,30.929096142473,-2867068.924228599,4665499.220380211
86,北圩居委会,3,0.0,0.0,朱泾镇,金山区,121.154689297073,30.9019256593417,-2833829.9925317094,4687571.571168904
87,北翟路居委会,2,0.0,0.0,北新泾街道,长宁区,121.360085186682,31.2251334726316,-2840993.4367706534,4661593.786165946
88,医清居委会,2,,0.0,枫林路街道,徐汇区,121.451731493713,31.1996788069314,-2849209.2703724285,4658291.216265724
89,千步泾社区居委会,3,0.0,0.0,夏阳街道,青浦区,121.133898744831,31.1579135356811,-2824564.472811341,4676076.690980765
90,升平居委会,3,,0.0,南京西路街道,静安区,121.457384025952,31.2272691115803,-2848841.524761907,4656657.821563966
91,华东花苑第二居委会,2,0.0,1.0,长桥街道,徐汇区,121.430278487362,31.1502784677771,-2848943.363211035,4661776.963267166
92,华富居委会,2,0.0,0.0,漕河泾街道,徐汇区,121.438849971648,31.1753949722002,-2848889.1185849854,4660121.235691821
93,华建居委会,2,0.0,0.0,华泾镇,徐汇区,121.435082532632,31.1219310850515,-2850181.7794768126,4662924.678086654
94,华松居委会,3,0.0,0.0,新泾镇,长宁区,121.353284827233,31.2124451384324,-2840819.5267147277,4662553.625890137
95,华林路第三居委会,3,0.0,0.0,七宝镇,闵行区,121.348423955601,31.1424463602114,-2842514.159252188,4666225.867123831
96,华浜居委会,2,0.0,0.0,淞南镇,宝山区,121.492534273637,31.3506431505609,-2847986.612668704,4648851.353722805
97,华阳路三居委会,2,0.0,0.0,华阳路街道,长宁区,121.419661886287,31.2246765396906,-2845852.7608034527,4658659.5865475815
98,华阳路二居委会,2,1.0,0.0,华阳路街道,长宁区,121.418177060622,31.2282570780017,-2845624.7473527966,4658557.703276655
99,华阳路四居委会,3,,0.0,华阳路街道,长宁区,121.418511647094,31.2233282598913,-2845799.631206096,4658782.848165994
100,华阴路居委会,2,0.0,1.0,宜川路街道,普陀区,121.440627226265,31.263440063708,-2846394.4404143705,4655715.999121842
101,南一村第一居委会,3,,0.0,漕河泾街道,徐汇区,121.434480892479,31.1743370250337,-2848565.420036413,4660390.27145743
102,南丹居委会,3,0.0,0.0,徐家汇街道,徐汇区,121.425687062508,31.1936445124842,-2847272.1852126503,4659881.589210876
103,南塘居委会,3,0.0,0.0,打浦桥街道,黄浦区,121.46764930597,31.205779277092,-2850320.3990628095,4657200.597940075
104,南天潼居委会,3,0.0,0.0,四川北路街道,虹口区,121.479316272927,31.2463397886504,-2850051.258043308,4654631.849966055
105,南新六村居委会,2,0.0,0.0,北蔡镇,浦东新区,121.533023506729,31.1744647665357,-2856572.74169922,4655477.904303993
106,南新四村居委会,2,0.0,0.0,北蔡镇,浦东新区,121.536963742382,31.1753586144085,-2856866.059659059,4655237.722575798
107,南杨居委会,2,0.0,0.0,北蔡镇,浦东新区,121.530174224261,31.1735814596167,-2856367.7348889196,4655663.164451935
108,南赵巷居委会,2,,0.0,徐家汇街道,徐汇区,121.440099826945,31.1935097427804,-2848448.3259896403,4659171.812789302
109,南郊别墅居委会,3,0.0,0.0,莘庄工业区,闵行区,121.367288597091,31.0821793446011,-2845847.540188609,4668237.752482006
111,古美路第一居委会,3,0.0,1.0,虹梅路街道,徐汇区,121.394937516853,31.1581852838238,-2845831.1037616855,4663146.221918575
112,叶家宅居委会,2,0.0,0.0,长寿路街道,普陀区,121.424506258057,31.2378461613712,-2845851.9168032915,4657772.911178527
113,合一居委会,2,0.0,0.0,淮海中路街道,黄浦区,121.475255543408,31.2173917271465,-2850590.276986314,4656253.145018035
114,合生城邦城第三居委会,3,0.0,0.0,江川路街道,闵行区,121.401391261397,31.0188818646064,-2850511.5853463854,4669632.656338145
115,合生城邦城第二居委会,3,0.0,0.0,江川路街道,闵行区,121.400606484201,31.0233309051971,-2850315.1794773974,4669454.723159201
116,合阳居委会,2,0.0,1.0,甘泉路街道,普陀区,121.43522442047,31.2656438955493,-2845889.270989126,4655876.182558828
117,吉浦一居委会,2,0.0,1.0,五角场街道,杨浦区,121.487057065131,31.3085812631148,-2848808.729732532,4651191.438077936
118,吉浦居委会,3,0.0,0.0,五角场街道,杨浦区,121.486435044541,31.3114725646072,-2848671.2246269775,4651080.302162063
119,吉祥居委会,2,0.0,0.0,四川北路街道,虹口区,121.483866444081,31.2681006608169,-2849767.07786243,4653337.883619001
120,吉祥居委会,2,0.0,0.0,平凉路街道,杨浦区,121.515043531933,31.2585312159429,-2852586.5632576225,4652255.92865488
121,同济新村居委会,3,,1.0,四平路街道,杨浦区,121.505548457395,31.2854485381195,-2851005.955397152,4651407.743847848
122,名都新城居委会,3,0.0,0.0,莘庄镇,闵行区,121.386031830104,31.1096367762162,-2846555.6766986134,4665964.331231526
123,周家牌路居委会,2,,1.0,大桥街道,杨浦区,121.537088404606,31.2665150975937,-2854136.0516357785,4650766.500168409
124,呼玛五村居委会,2,0.0,0.0,张庙街道,宝山区,121.43586644468,31.3453607460016,-2843546.2318476913,4651925.826682534
125,和合居委会,2,0.0,0.0,康桥镇,浦东新区,121.573498388439,31.1529914049294,-2860505.8318285802,4654508.454139643
126,和泰苑居委会,2,0.0,1.0,大场镇,宝山区,121.405924249204,31.3294025910568,-2841594.3111520875,4654196.592120155
127,嘉中社区居委会,3,0.0,1.0,嘉定镇街道,嘉定区,121.246424070414,31.3935261711959,-2826707.6009376235,4658925.553603109
128,嘉萱苑居委会,3,0.0,0.0,漕河泾街道,徐汇区,121.432803014747,31.1680942416559,-2848615.771622636,4660779.371186451
129,四团居委会,2,0.0,1.0,四团镇,奉贤区,121.717035308632,30.9443243779677,-2878430.3435610826,4657477.943814421
131,团结花苑居委会,3,0.0,0.0,莘庄镇,闵行区,121.366252603275,31.1056530601406,-2845063.533204328,4667141.564319981
132,国定一居委会,2,0.0,0.0,五角场街道,杨浦区,121.503809114598,31.3082623994902,-2850178.116065673,4650373.972719144
133,国年居委会,2,0.0,0.0,五角场街道,杨浦区,121.505381748269,31.2932536840103,-2850757.5486395024,4651032.842237032
134,地方天园居委会,2,0.0,1.0,长寿路街道,普陀区,121.419246582963,31.2407351920755,-2845337.729391058,4657892.3734454345
135,场西居委会,3,0.0,1.0,新桥镇,松江区,121.329969813256,31.0874496262992,-2842649.4792340165,4669832.665573883
136,城西居委会,3,0.0,0.0,杨行镇,宝山区,121.438999205149,31.4075400548297,-2841928.321128035,4648707.778813588
137,城西居委会,3,0.0,0.0,川沙新镇,浦东新区,121.686948228777,31.2025967994028,-2868220.8831519233,4646412.500777135
138,城西居委会,3,0.0,0.0,城桥镇,崇明区,121.381668039848,31.6290707765951,-2830588.6458479576,4640586.717646162
139,培花新村四居委会,2,0.0,0.0,花木街道,浦东新区,121.559701215338,31.1954442744337,-2858109.7011261308,4653121.045582315
140,塘园居委会,2,0.0,0.0,朱泾镇,金山区,121.157496309607,30.8858611703568,-2834532.7808515215,4688215.288256438
141,塘桥居委会,2,,0.0,塘桥街道,浦东新区,121.516658107285,31.2133655747614,-2854075.1276274044,4654389.280988473
142,塘桥居委会,2,,0.0,洞泾镇,松江区,121.225290032908,31.0853075536007,-2834176.4928707723,4675123.269867649
143,墨玉社区居委会,2,0.0,0.0,安亭镇,嘉定区,121.165329941523,31.3259569879247,-2822128.379508977,4666257.804262165
144,复兴居委会,2,0.0,0.0,淮海中路街道,黄浦区,121.470434313892,31.217398517028,-2850198.256591645,4656492.662457054
145,复兴居委会,2,0.0,0.0,亭林镇,金山区,121.311641166806,30.8857280554054,-2847139.315679241,4680578.959867664
146,复兴岛居委会,3,0.0,0.0,定海路街道,杨浦区,121.558199209925,31.2867773439992,-2855239.021574447,4648720.713009217
147,大华一村四居委会,3,,1.0,大场镇,宝山区,121.417459256839,31.2812108067333,-2843978.4782686858,4655993.726581376
148,大华三村五居委会,2,0.0,1.0,大场镇,宝山区,121.410092864993,31.2856583886238,-2843246.3931776313,4656140.791273004
149,大华四村第五居委会,3,0.0,1.0,大场镇,宝山区,121.404209448007,31.283645623147,-2842828.647857766,4656531.636422283
150,大华四村第六居委会,3,0.0,0.0,大场镇,宝山区,121.401011060412,31.280088548148,-2842675.403031433,4656865.115687109
151,大唐花园居委会,2,0.0,1.0,顾村镇,宝山区,121.397349205401,31.3438717591744,-2840463.0601325654,4653909.6603987
152,大桥居委会,2,0.0,0.0,华泾镇,徐汇区,121.45443479463,31.1250648698479,-2851662.8556468766,4661808.532271439
153,大统居委会,2,0.0,0.0,芷江西路街道,静安区,121.45568187282,31.2569754382658,-2847811.741204733,4655285.224210203
154,大连新村第三居委会,3,,0.0,欧阳路街道,虹口区,121.488125425547,31.277360551848,-2849834.58913891,4652671.554367188
155,大连新村第二居委会,3,0.0,0.0,欧阳路街道,虹口区,121.487996798213,31.2751162801922,-2849891.6197802224,4652788.114377389
156,大连西路四弄居委会,3,0.0,0.0,四平路街道,杨浦区,121.496218375177,31.280042761864,-2850411.0767869186,4652137.316113699
157,天原二村居委会,3,0.0,,仙霞新村街道,长宁区,121.38592944139,31.2150598417383,-2843397.3406041595,4660806.04216801
158,天钥新村第三居委会,3,0.0,0.0,枫林路街道,徐汇区,121.443156665747,31.1878363705521,-2848866.8326553,4659297.763357261
159,天馨花园第一居委会,2,0.0,0.0,杨行镇,宝山区,121.426125248181,31.365110795227,-2842161.183732122,4651436.903945443
160,天马社区居委会,2,0.0,0.0,马陆镇,嘉定区,121.28167212207,31.3361120524293,-2831293.6407421827,4660017.346087211
161,天马社区居委会,2,0.0,0.0,佘山镇,松江区,121.143875959408,31.0761689775163,-2827801.0684326687,4679593.426541043
162,好日子大家园第二居委会,3,0.0,0.0,顾村镇,宝山区,121.3561427333,31.3535919762887,-2836823.530457724,4655472.487629821
163,妙港居委会,3,0.0,1.0,川沙新镇,浦东新区,121.691223800038,31.1881207137,-2869004.3325695894,4646905.820201654
164,威宁居委会,3,0.0,0.0,仙霞新村街道,长宁区,121.381427854312,31.2105263395189,-2843166.7838366507,4661251.802434477
165,威海居委会,3,,0.0,南京西路街道,静安区,121.454207889382,31.2268137677412,-2848597.0406634933,4656838.064479825
166,娄塘社区居委会,1,0.0,1.0,徐行镇,嘉定区,121.211117730099,31.4302241638141,-2822737.2573471144,4658852.778570939
167,学宫新村居委会,3,0.0,,城桥镇,崇明区,121.401781123799,31.6183514351706,-2832542.215387679,4640124.713875438
168,安图新村居委会,3,0.0,0.0,长白新村街道,杨浦区,121.537107193242,31.2924166867807,-2853357.663284446,4649494.709372406
169,宛南六村居委会,4,0.0,0.0,枫林路街道,徐汇区,121.441752761081,31.1813857826278,-2848945.839515315,4659683.51786441
170,宝宸怡景园居委会,3,0.0,0.0,庙行镇,宝山区,121.42988148794,31.3329153123918,-2843434.52948965,4652835.215819494
171,宝宸怡景园居委会,3,0.0,0.0,庙行镇,宝山区,121.42988148794,31.3329153123918,-2843434.52948965,4652835.215819494
172,宝杨路二零二一弄居委会,3,0.0,0.0,杨行镇,宝山区,121.459723037588,31.3921055040657,-2844074.9007686693,4648440.104367401
173,宾阳路居委会,2,0.0,0.0,漕河泾街道,徐汇区,121.431477385273,31.1635777231334,-2848643.07749907,4661066.400818824
174,富丽居委会,3,0.0,0.0,罗店镇,宝山区,121.361038682988,31.3902382740771,-2836120.488870878,4653423.831026443
175,富民居委会,3,0.0,0.0,张堰镇,金山区,121.282904605163,30.809224335135,-2847049.7262547985,4685723.098739075
176,富特三居委会,3,0.0,1.0,高桥镇,浦东新区,121.583199098359,31.3362725625287,-2855773.460244035,4645044.925209273
177,富辰居委会,3,0.0,0.0,罗店镇,宝山区,121.355942581984,31.3872284563282,-2835797.0292780627,4653824.496276442
178,寿光路二居委会,2,0.0,0.0,沪东新村街道,浦东新区,121.580181118363,31.2773638424674,-2857306.1392043424,4648086.631953251
179,小寅居委会,2,0.0,0.0,九亭镇,松江区,121.286581648824,31.1436060081108,-2837441.4729489423,4669234.396452917
180,屹立家园居委会,3,0.0,0.0,庙行镇,宝山区,121.427833296369,31.3285692477726,-2843398.848613028,4653150.662911704
181,州桥社区居委会,3,1.0,1.0,嘉定镇街道,嘉定区,121.246104141992,31.3849543073954,-2826938.3624269343,4659364.556049337
182,工三(2)居委会,2,,0.0,殷行街道,杨浦区,121.532630044341,31.3264510475778,-2851968.7857106817,4648046.246758343
183,左家宅居委会,3,0.0,0.0,新华路街道,长宁区,121.419795496764,31.2016672637332,-2846552.812942427,4659781.1453628475
184,巨野路居委会,2,,0.0,洋泾街道,浦东新区,121.53869070691,31.2460070556811,-2854883.2354340036,4651692.211421939
185,市一(1)居委会,2,0.0,1.0,殷行街道,杨浦区,121.530083990783,31.3181246537298,-2852013.210536125,4648582.043515789
186,市光四(1)居委会,3,,1.0,殷行街道,杨浦区,121.529045347564,31.3225260572318,-2851796.286725168,4648417.516091314
187,市光路第三居委会,3,0.0,0.0,五角场镇,杨浦区,121.513155471847,31.3124795570859,-2850809.6609643972,4649701.824825258
188,市光路第三居委会,2,0.0,0.0,五角场镇,杨浦区,121.513155471847,31.3124795570859,-2850809.6609643972,4649701.824825258
189,平塘居委会,3,1.0,0.0,新泾镇,长宁区,121.359549556766,31.2142011735453,-2841276.8065357716,4662156.824482358
190,平望街居委会,2,0.0,0.0,南京东路街道,黄浦区,121.475349197007,31.2331286110965,-2850125.61360675,4655477.059101562
191,幸福一村居委会,2,0.0,0.0,彭浦镇,静安区,121.438880879549,31.306073790473,-2844972.1987764714,4653708.423021846
192,庆南居委会,2,0.0,0.0,合庆镇,浦东新区,121.713658668213,31.2352720498652,-2869399.58096609,4643477.509187493
193,庆源居委会,3,0.0,0.0,嘉兴路街道,虹口区,121.486252422811,31.2577110828002,-2850273.090039221,4653729.00168262
194,庆阳居委会,3,0.0,0.0,嘉兴路街道,虹口区,121.487594630387,31.2640732331931,-2850190.911278797,4653350.074935707
195,府谷居委会,1,,1.0,小东门街道,黄浦区,121.495211308954,31.2162589914593,-2852245.853308621,4655315.521334885
196,康城第三居委会,3,0.0,0.0,莘庄镇,闵行区,121.348509170861,31.1060323492135,-2843606.767959348,4668003.849915457
197,延中居委会,2,0.0,0.0,瑞金二路街道,黄浦区,121.454103073398,31.2239874026965,-2848673.2915647468,4656981.856859552
198,延中居委会,2,0.0,0.0,南京西路街道,静安区,121.448760582434,31.2239444079081,-2848240.332572737,4657249.566606723
199,建设新村居委会,3,0.0,0.0,欧阳路街道,虹口区,121.481397817655,31.2731845310413,-2849413.7860541125,4653211.139486716
200,建龙居委会,3,0.0,0.0,漕泾镇,金山区,121.41635493703,30.7961266484261,-2858343.3337299316,4679713.776965458
201,徐安第一社区居委会,3,0.0,0.0,徐泾镇,青浦区,121.27629068057,31.1630057561108,-2836025.0942984098,4668792.945227622
202,德州五村居委会,2,0.0,0.0,上钢新村街道,浦东新区,121.490962255104,31.1691337014592,-2853314.1640848415,4657834.562897102
203,志丹居委会,2,0.0,0.0,甘泉路街道,普陀区,121.424239037101,31.2626925031565,-2845085.086117005,4656566.662514358
204,志成居委会,3,0.0,0.0,淮海中路街道,黄浦区,121.477177021402,31.2195108806226,-2850682.840056667,4656053.685677659
205,政通路第一居委会,2,0.0,0.0,五角场街道,杨浦区,121.51537758151,31.3028752751738,-2851279.236634564,4650062.983323106
206,文化佳园居委会,4,0.0,0.0,五角场镇,杨浦区,121.520027934441,31.2908564574595,-2852018.545101421,4650421.651346637
207,文定居委会,3,0.0,0.0,徐家汇街道,徐汇区,121.429241128375,31.1901074887696,-2847667.139299077,4659878.267117285
208,文苑第一居委会,2,1.0,0.0,凉城新村街道,虹口区,121.461238711797,31.3005937940683,-2846952.7054543872,4652867.188364781
209,文苑第二居委会,3,0.0,0.0,凉城新村街道,虹口区,121.461281238938,31.2980708306043,-2847032.006643335,4652989.03531735
210,新东苑居委会,2,0.0,1.0,新桥镇,松江区,121.323810807123,31.0675672445327,-2842739.0402935483,4671110.245450061
211,新乐居委会,2,0.0,1.0,湖南路街道,徐汇区,121.449916710387,31.2191650984905,-2848477.6179523887,4657426.414771476
212,新乐居委会,2,0.0,1.0,新桥镇,松江区,121.307302319246,31.0654868437429,-2841454.8962576594,4672030.817467123
213,新乐居委会,2,0.0,1.0,竖新镇,崇明区,121.577382193433,31.5660147735629,-2848341.9455512855,4634011.636438267
214,新华里居委会,2,0.0,0.0,大桥街道,杨浦区,121.530219041975,31.2629813249282,-2853684.774883743,4651281.980388777
215,新南社区居委会,1,0.0,1.0,西渡街道,奉贤区,121.441535245655,30.9934202309589,-2854541.1755903605,4668874.973949869
216,新城尚景居委会,2,0.0,0.0,淞南镇,宝山区,121.477997735507,31.3440198496364,-2847006.545463093,4649899.581422496
217,新宜居委会,2,0.0,1.0,甘泉路街道,普陀区,121.433434108597,31.2673962029724,-2845691.2004252104,4655879.065663523
218,新宝社区居委会,1,0.0,0.0,嘉定工业区,嘉定区,121.191829968378,31.4041773341167,-2821948.423280216,4661090.530172811
219,新成居委会,4,0.0,0.0,南京西路街道,静安区,121.460286307267,31.2309321060319,-2848967.507254262,4656333.899464808
220,新曹杨居委会,2,0.0,0.0,长征镇,普陀区,121.388985967228,31.2375225915943,-2842973.4924108665,4659552.172393291
221,新桥居委会,3,0.0,0.0,南京东路街道,黄浦区,121.460605005416,31.2418957069214,-2848664.4144914458,4655780.355532686
222,新桥居委会,3,0.0,0.0,天目西路街道,静安区,121.452173394486,31.2415690686576,-2847989.0427593146,4656215.536283234
223,新桥居委会,3,0.0,0.0,张庙街道,宝山区,121.448258999952,31.3412723542357,-2844675.353794469,4651511.841469158
224,新桥居委会,3,0.0,0.0,罗店镇,宝山区,121.340530951342,31.4122762480504,-2833792.5354320076,4653351.290910333
225,新桥居委会,3,0.0,0.0,南码头路街道,浦东新区,121.503794218228,31.191124067122,-2853697.643662228,4656119.179864268
226,新桥居委会,2,0.0,1.0,南京东路街道,黄浦区,121.460605005416,31.2418957069214,-2848664.4144914458,4655780.355532686
227,新桥居委会,2,0.0,1.0,天目西路街道,静安区,121.452173394486,31.2415690686576,-2847989.0427593146,4656215.536283234
228,新桥居委会,2,0.0,1.0,张庙街道,宝山区,121.448258999952,31.3412723542357,-2844675.353794469,4651511.841469158
229,新桥居委会,2,0.0,1.0,罗店镇,宝山区,121.340530951342,31.4122762480504,-2833792.5354320076,4653351.290910333
230,新桥居委会,2,0.0,1.0,南码头路街道,浦东新区,121.503794218228,31.191124067122,-2853697.643662228,4656119.179864268
231,新梅绿岛苑居委会,3,0.0,0.0,庙行镇,宝山区,121.42567355469,31.3364438995663,-2842986.726981335,4652870.41970899
232,新民居委会,4,0.0,,横沙乡,崇明区,121.839592837839,31.3398847704658,-2876421.092874906,4632042.162063806
233,新泾二村居委会,3,0.0,0.0,北新泾街道,长宁区,121.369467594154,31.217472588789,-2841985.9404148664,4661504.419728725
234,新泾五村居委会,3,0.0,0.0,北新泾街道,长宁区,121.361698883396,31.2206023778974,-2841260.257188178,4661736.139086405
235,新泾八村居委会,2,0.0,0.0,北新泾街道,长宁区,121.35832112422,31.2188030692063,-2841039.2383523136,4661991.9303715825
236,新灵居委会,2,0.0,0.0,甘泉路街道,普陀区,121.422301700463,31.2684750638731,-2844754.154286013,4656378.90617189
237,新理想居委会,3,0.0,1.0,共和新路街道,静安区,121.450147218319,31.2674345212861,-2847048.043108366,4655046.901734812
238,新码居委会,3,0.0,0.0,小东门街道,黄浦区,121.50050746055,31.2222787726473,-2852495.4007047233,4654756.892458891
239,方舟园居委会,3,0.0,1.0,岳阳街道,松江区,121.234975414783,31.0202673583519,-2836895.5637484114,4677824.586132866
240,施镇居委会,3,0.0,1.0,祝桥镇,浦东新区,121.74454939304,31.1532084697951,-2874382.097934436,4645937.3738734145
241,昌里花园居委会,2,,0.0,周家渡街道,浦东新区,121.500480184113,31.179985113722,-2853762.4674900193,4656829.49265401
242,昌里路七居委会,3,0.0,0.0,周家渡街道,浦东新区,121.509417025175,31.1769740899823,-2854579.1205265378,4656531.661466549
243,明丰花苑居委会,3,0.0,0.0,三林镇,浦东新区,121.528102235729,31.1531680398732,-2856811.8121048645,4656764.77127331
244,春申居委会,1,0.0,1.0,新桥镇,松江区,121.350720170299,31.0753533652656,-2844700.7477413407,4669394.135657568
245,昭通路居委会,3,0.0,1.0,外滩街道,黄浦区,121.480756708955,31.235985645721,-2850479.2018628544,4655067.964455483
246,晋阳居委会,2,0.0,0.0,提篮桥街道,虹口区,121.507830564429,31.25484361604,-2852111.7385359304,4652795.872769123
247,晨星居委会,3,0.0,0.0,新桥镇,松江区,121.309775162593,31.0497091098875,-2842125.5091753155,4672679.20868654
248,景德路居委会,3,0.0,0.0,岳阳街道,松江区,121.234724339356,31.0097703895918,-2837186.016318118,4678349.757623498
249,曙光第二社区居委会,4,0.0,0.0,南桥镇,奉贤区,121.469441863451,30.9217674187314,-2858948.176095967,4670969.490718664
250,曹杨花苑居委会,3,0.0,0.0,真如镇街道,普陀区,121.399369632202,31.2564660865407,-2843250.2606130894,4658106.9131362345
251,曹王社区居委会,3,0.0,1.0,徐行镇,嘉定区,121.300650320056,31.4332682196526,-2829922.4692357713,4654285.783498198
252,望族新苑居委会,2,0.0,0.0,梅陇镇,闵行区,121.394693391386,31.1407979082968,-2846330.699120284,4664009.543426441
253,未来街区居委会,3,0.0,0.0,长征镇,普陀区,121.360039545188,31.2378808581151,-2840608.35530294,4660970.287119827
254,朱行第二居委会,3,,0.0,梅陇镇,闵行区,121.420168914164,31.1256343619363,-2848857.3253278155,4663485.290113439
255,朱龙居委会,2,0.0,1.0,九亭镇,松江区,121.307939840551,31.1222499360857,-2839817.9726497997,4669222.301370209
256,李园二村社区居委会,3,1.0,0.0,嘉定镇街道,嘉定区,121.247717585098,31.390366936485,-2826907.429343158,4659017.726820185
257,杨东居委会,2,,0.0,三林镇,浦东新区,121.496315093666,31.1679742352228,-2853784.0682102735,4657624.70399518
258,松沪居委会,2,1.0,0.0,九亭镇,松江区,121.323049923115,31.1527351718906,-2840140.652993292,4666980.203287636
259,松花新村居委会,3,,0.0,长白新村街道,杨浦区,121.537779925703,31.2965920636728,-2853286.4743596413,4649256.255340776
260,果育居委会,2,0.0,0.0,豫园街道,黄浦区,121.48645308674,31.2250363251663,-2851270.7475201734,4655321.301867956
261,柘林镇居委会,2,0.0,1.0,柘林镇,奉贤区,121.470372366791,30.830913116747,-2861722.662043054,4675331.936509493
262,柳营新村第二居委会,2,0.0,0.0,共和新路街道,静安区,121.45735444725,31.2697782255846,-2847563.190130421,4654573.679820712
263,柳营桥居委会,2,0.0,0.0,共和新路街道,静安区,121.454197480629,31.2669203923622,-2847392.5419323975,4654870.87011962
264,柿子湾居委会,3,0.0,0.0,徐家汇街道,徐汇区,121.423356142971,31.1902461453433,-2847184.3463440877,4660163.939332408
265,桃园社区居委会,3,0.0,0.0,嘉定镇街道,嘉定区,121.241447055837,31.3916518842271,-2826359.0347855324,4659263.63147494
266,桃园社区居委会,3,0.0,0.0,嘉定镇街道,嘉定区,121.241447055837,31.3916518842271,-2826359.0347855324,4659263.63147494
267,桑城居委会,3,0.0,1.0,五里桥街道,黄浦区,121.477681038349,31.2069590518188,-2851100.3807200557,4656643.673376697
268,梅陇第三居委会,2,0.0,0.0,梅陇镇,闵行区,121.408612666341,31.1379846157974,-2847547.7349708457,4663455.589714869
269,梓树园居委会,3,0.0,0.0,漕河泾街道,徐汇区,121.425737286047,31.1638998530958,-2848166.4641880128,4661335.993712261
270,梦湖苑居委会,2,0.0,0.0,凉城新村街道,虹口区,121.45846668379,31.2861395259184,-2847162.019503651,4653714.9980326155
271,梧州居委会,3,0.0,0.0,嘉兴路街道,虹口区,121.488322299734,31.2584121385094,-2850420.14266499,4653591.635401898
272,欧三居委会,2,0.0,0.0,欧阳路街道,虹口区,121.482185140831,31.2705862367654,-2849555.82429815,4653299.51581583
273,欧四居委会,2,0.0,0.0,欧阳路街道,虹口区,121.484418824769,31.2735925894265,-2849646.8633980495,4653040.864288845
274,民乐社区居委会,4,0.0,1.0,嘉定工业区,嘉定区,121.249384334619,31.3722144402442,-2827586.6576607614,4659831.496724051
275,民乐社区居委会,4,0.0,1.0,盈浦街道,青浦区,121.089975787752,31.1629426938503,-2820829.975200191,4677993.552890159
276,民星路六百弄居委会,2,,0.0,殷行街道,杨浦区,121.529965452044,31.315093638061,-2852094.9382840823,4648736.830931719
277,民治路居委会,2,0.0,0.0,长白新村街道,杨浦区,121.547859914803,31.3008015419576,-2853977.509925899,4648547.579672432
278,水岸社区居委会,2,0.0,0.0,西渡街道,奉贤区,121.428741469543,30.9865193875597,-2853703.988280552,4669848.399904245
279,水清一村居委会,2,0.0,1.0,莘庄镇,闵行区,121.375115956236,31.1154761668916,-2845492.502566782,4666220.947137211
280,永乐居委会,3,0.0,0.0,江宁路街道,静安区,121.437756732387,31.2376073167243,-2846936.1805560268,4657126.359537219
281,永乐居委会,3,0.0,0.0,共和新路街道,静安区,121.441064312068,31.268430402641,-2846280.163773174,4655449.279577326
282,永泰路第一居委会,3,0.0,0.0,三林镇,浦东新区,121.535757546473,31.159006323483,-2857258.817844074,4656097.593468348
283,永美居委会,3,0.0,0.0,四川北路街道,虹口区,121.480142927054,31.2619176355904,-2849650.4579608585,4653826.50014315
284,汇佳苑居委会,3,0.0,0.0,沪东新村街道,浦东新区,121.575667476772,31.2824489735413,-2856786.677415237,4648062.309399446
285,汇成三村居委会,2,0.0,1.0,长桥街道,徐汇区,121.429095702604,31.1461600944128,-2848970.284001801,4662037.307322702
286,汇腾社区居委会,2,0.0,0.0,周浦镇,浦东新区,121.582565223806,31.0940620975877,-2863011.0375454086,4656932.647213093
287,江中居委会,3,0.0,0.0,方松街道,松江区,121.221493510716,31.0323458559765,-2835436.993795939,4677901.71930546
288,江安社区居委会,2,0.0,0.0,江桥镇,嘉定区,121.337258533354,31.2557442591902,-2838220.598399028,4661221.849510569
289,江浦居委会,3,,0.0,平凉路街道,杨浦区,121.526458676127,31.2582470454648,-2853521.932951763,4651701.446078278
290,江海第二居委会,2,1.0,0.0,南桥镇,奉贤区,121.449386069011,30.9075720564053,-2857734.8401984903,4672659.735812696
291,汪家井居委会,2,0.0,0.0,甘泉路街道,普陀区,121.429311199951,31.2603296657815,-2845568.1934383838,4656430.785894655
292,沈家滩居委会,1,0.0,0.0,定海路街道,杨浦区,121.55128878335,31.2691663781258,-2855208.7884467384,4649928.9576924145
293,沙家浜居委会,3,,0.0,华泾镇,徐汇区,121.459094907903,31.1173162265626,-2852273.74484812,4661955.340377297
294,沪东新村一居委会,2,0.0,0.0,沪东新村街道,浦东新区,121.579304787485,31.2717919425441,-2857402.9980994863,4648403.555134015
295,沪东新村二居委会,2,0.0,0.0,沪东新村街道,浦东新区,121.575916377638,31.2718783772853,-2857125.4866884626,4648568.292498627
296,沪南居委会,3,,0.0,沪东新村街道,浦东新区,121.574442512911,31.2708044149918,-2857038.271363855,4648694.447304431
297,河南居委会,2,0.0,0.0,虹桥镇,闵行区,121.38794830517,31.176478103082,-2844715.5572253503,4662597.285198829
298,泗塘五村一居委会,2,0.0,0.0,张庙街道,宝山区,121.456767705265,31.3370497953118,-2845493.1668218398,4651297.056169781
299,泗塘六村居委会,2,,0.0,张庙街道,宝山区,121.453109536575,31.3346311262255,-2845268.961142957,4651597.694522765
300,泾泰居委会,2,0.0,1.0,长征镇,普陀区,121.361206873298,31.241928113092,-2840582.1993729062,4660713.689057457
301,洛善居委会,3,0.0,0.0,共和新路街道,静安区,121.447726309021,31.2682404577309,-2846827.154207767,4655127.625860185
302,济中村居委会,3,,0.0,上钢新村街道,浦东新区,121.472828087046,31.1694185149525,-2851831.2792076287,4658723.46682094
303,济阳一村居委会,2,0.0,0.0,上钢新村街道,浦东新区,121.473393775002,31.1659252072825,-2851981.9310294157,4658866.271082328
304,浣纱六村居委会,3,,1.0,五角场镇,杨浦区,121.52996719493,31.3001058273221,-2852546.647248405,4649472.771066705
305,浦兴路一居委会,3,,0.0,浦兴路街道,浦东新区,121.584528960043,31.2700522831863,-2857879.263005532,4648228.292133891
306,浦航新城第五居委会,3,0.0,0.0,浦江镇,闵行区,121.53109654377,31.0504155426432,-2860132.6976434495,4661631.417082852
308,海棠苑居委会,3,0.0,0.0,真如镇街道,普陀区,121.388639087923,31.2505003267287,-2842556.5644930513,4658932.27773308
309,海棠苑居委会,3,0.0,0.0,桃浦镇,普陀区,121.347699290889,31.2856322525265,-2838175.078196961,4659235.534482061
310,海阳路居委会,2,0.0,0.0,三林镇,浦东新区,121.490766096777,31.1562501442288,-2853684.330703514,4658474.639032931
311,海高新村居委会,1,0.0,0.0,高桥镇,浦东新区,121.574844446913,31.3568227745514,-2854475.463333886,4644451.458411984
312,海高新村居委会,3,0.0,0.0,高桥镇,浦东新区,121.574844446913,31.3568227745514,-2854475.463333886,4644451.458411984
313,润峰苑居委会,3,0.0,0.0,方松街道,松江区,121.182533502818,31.0221905900237,-2832555.941387667,4680325.179569111
314,淞南九村一居委会,2,0.0,1.0,淞南镇,宝山区,121.46930527172,31.3425595295986,-2846345.033842635,4650403.287644014
315,淞南五村一居委会,3,0.0,1.0,淞南镇,宝山区,121.477428365726,31.3414919174181,-2847036.464813393,4650052.2113536
316,漕宝路第二居委会,2,1.0,0.0,七宝镇,闵行区,121.364710504286,31.1587360142556,-2843354.17051163,4664619.945576234
317,潘东居委会,2,0.0,0.0,华阳路街道,长宁区,121.419703628319,31.2151483395243,-2846141.6044550156,4659124.793416149
318,潼港一村居委会,3,0.0,0.0,高桥镇,浦东新区,121.572080012782,31.3446845331647,-2854617.979048418,4645185.73904193
319,瀛兴居委会,4,0.0,,竖新镇,崇明区,121.592313500667,31.6145890791227,-2848071.4436728014,4630865.97276287
320,灵山路三居委会,3,0.0,0.0,金杨新村街道,浦东新区,121.573350620834,31.2527470409432,-2857493.681456253,4649634.077113348
321,牛车泾居委会,2,0.0,1.0,九亭镇,松江区,121.325532968371,31.1219509807531,-2841260.467649985,4668364.726851702
322,牡丹第二居委会,3,0.0,0.0,花木街道,浦东新区,121.547792739943,31.2171633407156,-2856489.73414851,4652651.71470324
323,牡丹第四居委会,3,0.0,0.0,花木街道,浦东新区,121.539261535391,31.2088592680408,-2856046.509894156,4653483.633094386
324,玉三居委会,3,0.0,0.0,曲阳路街道,虹口区,121.489141469703,31.2797424359646,-2849845.475680354,4652504.093170067
325,玉兰居委会,3,0.0,0.0,川沙新镇,浦东新区,121.680028795492,31.2013544030833,-2867697.206618956,4646819.581086539
326,瓶安路居委会,3,0.0,0.0,莘庄工业区,闵行区,121.396052462151,31.0562047574436,-2848964.9849085445,4668077.0777211
327,申莘新村第一居委会,3,0.0,0.0,莘庄工业区,闵行区,121.38552142887,31.084233099378,-2847271.7127793855,4667231.544661925
328,申莘新村第三居委会,3,0.0,0.0,莘庄工业区,闵行区,121.374912898311,31.0924369138325,-2846162.9854808827,4667357.660276017
329,申莘新村第二居委会,3,0.0,1.0,莘庄工业区,闵行区,121.378811400925,31.082132393695,-2846787.7152914605,4667667.621584834
330,电机新村第二居委会,2,0.0,0.0,江川路街道,闵行区,121.40159250449,31.0069610658006,-2850882.788687882,4670203.866883841
331,界泾港社区居委会,2,0.0,0.0,夏阳街道,青浦区,121.117752807845,31.1539542901584,-2823364.0132565727,4677066.896928403
332,番禺居委会,3,0.0,0.0,徐家汇街道,徐汇区,121.42265234343,31.2000682808265,-2846833.033115868,4659717.577826578
333,番禺居委会,3,0.0,0.0,新华路街道,长宁区,121.423473587236,31.2058928812515,-2846725.393497944,4659391.275100045
334,白渡居委会,2,0.0,0.0,小东门街道,黄浦区,121.495701024882,31.221563299007,-2852126.3940461506,4655031.228277814
335,盛达家园居委会,2,0.0,0.0,淞南镇,宝山区,121.460636124657,31.3368873948374,-2845812.087800903,4651112.915286215
336,真光新村第八居委会,3,0.0,0.0,真如镇街道,普陀区,121.376851546162,31.2519254284158,-2841555.3354941066,4659446.9974859245
337,真北新村第三居委会,3,0.0,0.0,真如镇街道,普陀区,121.391829787214,31.259875633154,-2842535.075618513,4658313.585424143
338,真如西村居委会,3,0.0,0.0,真如镇街道,普陀区,121.39447074263,31.2483672832236,-2843094.6543053556,4658747.65958058
339,真西新村第二居委会,3,0.0,0.0,真如镇街道,普陀区,121.386647521266,31.2504619958244,-2842395.7693696124,4659032.962609354
340,瞿中居委会,2,0.0,0.0,五里桥街道,黄浦区,121.469408242296,31.201687651364,-2850586.06528722,4657313.553469131
341,瞿西居委会,4,0.0,0.0,五里桥街道,黄浦区,121.466756238709,31.1983983647927,-2850469.110354673,4657606.630087696
342,知音苑居委会,3,0.0,0.0,长寿路街道,普陀区,121.422274915954,31.2341052964223,-2845782.6517846636,4658067.276328221
343,石笋居委会,2,0.0,0.0,新场镇,浦东新区,121.63588449907,31.0243882075498,-2869433.9416168374,4657659.483073248
344,福地苑第一居委会,2,0.0,0.0,杨行镇,宝山区,121.445107825865,31.3967744720642,-2842748.3845850434,4648935.361647039
345,秋水云庐居委会,2,0.0,0.0,长寿路街道,普陀区,121.440301075434,31.2468691511904,-2846865.1750551304,4656545.51974671
346,科汇居委会,3,,0.0,徐家汇街道,徐汇区,121.438719467429,31.1970043068033,-2848231.4035951714,4659069.213074586
347,第一社区居委会,2,0.0,1.0,奉城镇,奉贤区,121.642099536564,30.919935171471,-2873065.643596354,4662421.878507821
348,第九社区居委会,4,0.0,0.0,奉浦街道,奉贤区,121.461949479285,30.9293419136984,-2858112.0895158257,4670975.175671816
349,第四社区居委会,4,0.0,0.0,奉浦街道,奉贤区,121.464948639168,30.9272309710325,-2858419.3755759564,4670928.160325939
350,第四社区居委会,4,0.0,0.0,奉城镇,奉贤区,121.63640729476,30.9094011335555,-2872917.149542519,4663218.138954611
351,红旗新村居委会,2,,0.0,江川路街道,闵行区,121.392388954186,31.0121391822775,-2849978.5045684907,4670409.280945991
352,红旗新村第七居委会,2,0.0,0.0,江川路街道,闵行区,121.396799623403,31.0174428764876,-2850180.1852362617,4669931.254146492
353,红春公寓居委会,3,0.0,0.0,虹桥镇,闵行区,121.381756553822,31.1882830737049,-2843858.779690184,4662326.134514579
354,红枫苑居委会,3,0.0,0.0,东明路街道,浦东新区,121.522588997684,31.141205938803,-2856722.366854667,4657624.408346121
355,红菱居委会,1,1.0,0.0,朱泾镇,金山区,121.156129964226,30.906708899696,-2833806.941651077,4687267.232074374
356,绿园居委会,3,0.0,0.0,彭浦镇,静安区,121.432446903901,31.2727770383297,-2845449.4852260686,4655663.862930048
357,绿地居委会,3,0.0,0.0,高行镇,浦东新区,121.609735548656,31.2925200935275,-2859245.9658234213,4645868.975918803
358,绿地居委会,3,0.0,0.0,漕泾镇,金山区,121.400061649725,30.8005748229697,-2856880.884473042,4680310.895634316
359,绿川新村四居委会,2,0.0,0.0,北蔡镇,浦东新区,121.542740575317,31.1726301864339,-2857417.3257589345,4655083.109610741
360,绿梅二村居委会,3,0.0,0.0,莘庄镇,闵行区,121.36603569669,31.1175151188277,-2844692.1548061534,4666572.09205686
361,绿波苑居委会,2,0.0,0.0,唐镇,浦东新区,121.660783946721,31.2104870022733,-2865860.8747897977,4647335.995167059
362,罗山五村居委会,2,0.0,0.0,金杨新村街道,浦东新区,121.551500067374,31.2520009381927,-2855742.7274207035,4650760.05752891
363,罗秀苑居委会,3,0.0,0.0,梅陇镇,闵行区,121.405713176521,31.1287127152197,-2847588.698265728,4664053.324066046
364,罗阳新村第五居委会,2,,0.0,梅陇镇,闵行区,121.404499088162,31.1222670205066,-2847682.3579985914,4664428.9580279915
365,罗阳新村第六居委会,3,0.0,0.0,梅陇镇,闵行区,121.399848013075,31.1252019858829,-2847216.0740817287,4664516.542356408
366,羽洋居委会,3,0.0,0.0,洋泾街道,浦东新区,121.549324419386,31.2391086332568,-2855954.0756723103,4651500.348310194
367,耀华路第三村居委会,3,,0.0,上钢新村街道,浦东新区,121.467694714539,31.177150065723,-2851182.243689102,4658600.492442967
368,胶东路一居委会,2,0.0,0.0,浦兴路街道,浦东新区,121.596342904101,31.2600710018753,-2859138.5544280508,4648128.135252155
369,航华三村第一居委会,3,0.0,0.0,七宝镇,闵行区,121.344081787744,31.168550777996,-2841381.620062195,4665162.425240588
370,航天新苑居委会,3,,0.0,虹梅路街道,徐汇区,121.390387641576,31.1737696193724,-2844995.0308875157,4662608.866875271
371,艺康苑居委会,1,0.0,1.0,彭浦新村街道,静安区,121.440844564525,31.3204542215851,-2844699.4531323733,4652903.927135491
372,芙蓉江路第一居委会,2,0.0,0.0,仙霞新村街道,长宁区,121.39197295209,31.2100072436394,-2844040.1581997774,4660753.905908565
373,芝巷居委会,2,0.0,0.0,长征镇,普陀区,121.385799277114,31.2394323550192,-2842657.1431991896,4659616.543906207
374,茂兴路居委会,2,0.0,0.0,塘桥街道,浦东新区,121.505756508356,31.2103320023201,-2853280.5739825964,4655080.838688549
375,茅台花苑居委会,2,,0.0,仙霞新村街道,长宁区,121.389234340192,31.2113364272343,-2843777.6062918645,4660824.650142175
376,莘松居委会,2,0.0,0.0,新桥镇,松江区,121.323093905359,31.0954404354278,-2841851.2028238247,4669782.94361567
377,莲溪一居委会,2,0.0,1.0,北蔡镇,浦东新区,121.557838602469,31.188224824616,-2858175.392181871,4653567.201616084
378,菊泉居委会,3,0.0,0.0,顾村镇,宝山区,121.369355967603,31.358504421342,-2837749.5381461615,4654576.157543039
379,蓝天居委会,3,0.0,0.0,五角场街道,杨浦区,121.511005990534,31.2991096887611,-2851037.8052623393,4650465.442631329
380,蓝天居委会,3,0.0,0.0,花木街道,浦东新区,121.568416056056,31.239335319969,-2857497.028638787,4650537.346492835
381,虬江居委会,3,0.0,0.0,五角场镇,杨浦区,121.549675649611,31.3112655577593,-2853809.3908434664,4647943.394194879
382,虹东居委会,3,,0.0,虹桥街道,长宁区,121.409403394351,31.1997615859285,-2845764.6343144225,4660390.782416896
383,虹二居委会,3,0.0,0.0,徐家汇街道,徐汇区,121.421306258876,31.1978573551328,-2846789.757408126,4659892.819091467
384,虹仙居委会,3,0.0,0.0,仙霞新村街道,长宁区,121.379974957278,31.2070149150063,-2843153.626996909,4661496.1214321945
385,虹仪居委会,3,0.0,0.0,欧阳路街道,虹口区,121.484281643083,31.2721365042962,-2849679.4921657913,4653119.156313011
386,虹华苑居委会,2,0.0,0.0,虹桥镇,闵行区,121.377224136184,31.1878707354461,-2843502.2812612993,4662571.297430067
387,虹南居委会,2,0.0,0.0,虹梅路街道,徐汇区,121.403402664401,31.1820388271302,-2845806.7767542494,4661557.377775386
388,虹南居委会,2,0.0,0.0,虹桥街道,长宁区,121.413602092462,31.1934427010198,-2846295.2882091682,4660491.9296539305
389,虹南居委会,2,0.0,0.0,北蔡镇,浦东新区,121.551489454474,31.1874386939406,-2857683.3142646034,4653922.360803751
390,虹叶居委会,3,0.0,0.0,嘉兴路街道,虹口区,121.499470893866,31.2646606856421,-2851137.7340575717,4652730.365444843
391,虹景居委会,3,,1.0,仙霞新村街道,长宁区,121.392467914662,31.2063002210783,-2844191.3533328883,4660911.126800926
392,虹桥居委会,2,0.0,0.0,虹桥街道,长宁区,121.406991489965,31.1997558788307,-2845568.6203213604,4660510.852425481
393,虹桥居委会,2,0.0,0.0,虹桥镇,闵行区,121.388636106671,31.1821196258201,-2844602.866338418,4662286.699166813
394,虹纺居委会,2,0.0,1.0,仙霞新村街道,长宁区,121.384202481359,31.2045261950279,-2843572.0160239628,4661408.376396631
395,西安居委会,3,0.0,0.0,提篮桥街道,虹口区,121.491387458164,31.2524056214223,-2850849.5916034356,4653733.787055001
396,西成居委会,4,0.0,0.0,淮海中路街道,黄浦区,121.47001245541,31.2192640230163,-2850108.0062733274,4656422.2133305585
397,西林塔居委会,2,0.0,0.0,岳阳街道,松江区,121.221728019732,31.0094402862402,-2836134.5333977956,4679009.31616322
398,西街居委会,2,0.0,0.0,漕河泾街道,徐汇区,121.422013246514,31.1667860392443,-2847777.1518974737,4661379.788807771
399,西街居委会,2,0.0,0.0,莘庄镇,闵行区,121.371974656705,31.1055823383542,-2845531.7290635468,4666860.866927045
400,西街居委会,2,0.0,0.0,大场镇,宝山区,121.411306443437,31.303954335724,-2842795.84038875,4655181.275933892
401,西街居委会,2,0.0,0.0,高桥镇,浦东新区,121.574903545861,31.3442102055366,-2854861.2145828814,4645068.364961304
402,西门北村居委会,3,,,城桥镇,崇明区,121.386934661305,31.627074796065,-2831075.640969369,4640425.586070463
403,西门南村居委会,3,,,城桥镇,崇明区,121.385619696891,31.6225298319861,-2831106.7588489857,4640716.141955646
404,观潮新村居委会,3,,,城桥镇,崇明区,121.38010711625,31.6251181213042,-2830581.8928460116,4640860.0389514575
405,解放居委会,2,0.0,0.0,张堰镇,金山区,121.279157750729,30.8035292568697,-2846911.188632643,4686185.630110521
406,谈家宅居委会,2,0.0,0.0,共和新路街道,静安区,121.446236546079,31.2674430756374,-2846730.0535879503,4655240.793633013
407,谈家桥八十弄居委会,2,0.0,0.0,共和新路街道,静安区,121.448308589469,31.2620583381218,-2847060.0632498767,4655402.180831489
408,豪世盛地园居委会,3,0.0,0.0,七宝镇,闵行区,121.339289444452,31.1521117807341,-2841481.912094691,4666205.564526988
409,贝港第二居委会,2,0.0,1.0,南桥镇,奉贤区,121.442863429203,30.9154054886724,-2856970.1467011254,4672604.398539576
410,财大居委会,3,,0.0,五角场街道,杨浦区,121.500949057353,31.3088913124841,-2849927.0444632084,4650485.345097982
411,赵巷居委会,2,1.0,1.0,赵巷镇,青浦区,121.193317537874,31.1536998431732,-2829537.480277408,4673351.711994005
412,车站村村委会,2,0.0,1.0,大团镇,浦东新区,121.755895752586,30.9735519658506,-2880711.2624867484,4654107.192346165
413,运一居委会,3,,1.0,曲阳路街道,虹口区,121.491569907225,31.2942393571606,-2849606.625037039,4651671.511367471
414,通河七村一居委会,3,0.0,1.0,张庙街道,宝山区,121.448384208064,31.331089917066,-2844991.8452767916,4652006.516845078
415,通河七村二居委会,3,0.0,0.0,张庙街道,宝山区,121.44855354411,31.3293498925835,-2845057.9319732953,4652083.688509654
416,通河三村一居委会,2,0.0,1.0,张庙街道,宝山区,121.439192054869,31.3354491000959,-2844114.3762747073,4652248.449660265
417,通海居委会,2,0.0,0.0,嘉兴路街道,虹口区,121.490457421572,31.2615670070118,-2850498.740665758,4653330.628553971
418,邬桥居委会,2,0.0,1.0,庄行镇,奉贤区,121.398561654296,30.9629757677175,-2851943.703452622,4672497.57832032
419,邮电新村居委会,3,0.0,0.0,宝山路街道,静安区,121.465277899855,31.2575864502545,-2848573.0303844837,4654778.217994403
420,邮电新村居委会,3,0.0,0.0,欧阳路街道,虹口区,121.490945944999,31.27348883734,-2850180.037510859,4652721.295283872
421,邵厂居委会,3,1.0,1.0,四团镇,奉贤区,121.752964896213,30.9123212034608,-2882310.1271695793,4657222.662952519
422,重华居委会,3,,0.0,南京西路街道,静安区,121.452285657756,31.2288984960687,-2848378.2779033734,4656831.403391743
423,金丰城第一居委会,3,0.0,0.0,华漕镇,闵行区,121.279012618137,31.2103700256562,-2834835.000269955,4666334.140950837
424,金台路第二居委会,2,0.0,0.0,金杨新村街道,浦东新区,121.581776072308,31.2500332782132,-2858259.1384976446,4649346.80544337
425,金园社区居委会,3,0.0,0.0,江桥镇,嘉定区,121.313110526829,31.2443865457025,-2836595.3356647906,4662975.7598517705
426,金坛居委会,3,0.0,0.0,小东门街道,黄浦区,121.492895870348,31.2195480585961,-2851958.9848150597,4655269.616146572
427,金枫居委会,3,0.0,1.0,唐镇,浦东新区,121.676202447285,31.2428440348243,-2866134.7357910094,4644981.812122975
428,金汇花园居委会,3,,0.0,虹桥镇,闵行区,121.369541445581,31.1830715824875,-2843020.4853514945,4663187.7858241685
429,金沙新村居委会,4,0.0,0.0,长风新村街道,普陀区,121.410684980427,31.2323001799094,-2844894.433184529,4658731.401908389
430,金沙滩居委会,2,0.0,0.0,岳阳街道,松江区,121.23366449552,31.0025217082103,-2837314.1420461065,4678756.2232853975
431,金沙雅苑居委会,2,0.0,0.0,长征镇,普陀区,121.36503162431,31.2422383800972,-2840884.0301107042,4660508.822344338
432,金莱社区居委会,3,0.0,0.0,江桥镇,嘉定区,121.311177224549,31.2416009487248,-2836521.242347655,4663208.330912997
433,金葫芦第二社区居委会,3,0.0,0.0,赵巷镇,青浦区,121.21334108892,31.163584848462,-2830876.6672530933,4671877.588748078
434,金葵路第一居委会,3,0.0,0.0,金桥镇,浦东新区,121.625979721287,31.2428066050408,-2862063.1961478703,4647494.176049885
435,金虹社区居委会,2,0.0,0.0,江桥镇,嘉定区,121.313152548551,31.2486156912611,-2836472.3458301886,4662765.8794154385
436,金豪居委会,3,0.0,0.0,山阳镇,金山区,121.349421733626,30.7364005327584,-2854636.718231874,4685942.395483884
437,铁岭路五十弄居委会,2,0.0,0.0,四平路街道,杨浦区,121.510878571888,31.2811530756539,-2851567.911391763,4651353.338512016
438,银杏社区居委会,3,1.0,1.0,嘉定镇街道,嘉定区,121.235307221451,31.3771056109352,-2826295.2776932307,4660284.653271241
439,锦秋第一居委会,3,0.0,0.0,大场镇,宝山区,121.386613816474,31.3251627993237,-2840152.8345148577,4655362.678703235
440,长宁路一居委会,2,1.0,0.0,华阳路街道,长宁区,121.421839403066,31.2290944556446,-2845897.4218483283,4658334.725615862
441,长宁路一居委会,2,1.0,0.0,华阳路街道,长宁区,121.421839403066,31.2290944556446,-2845897.4218483283,4658334.725615862
442,长宏新苑居委会,3,0.0,0.0,淞南镇,宝山区,121.488321905831,31.3435066182358,-2847859.829131776,4649411.743144081
443,长江居委会,3,0.0,1.0,南京东路街道,黄浦区,121.464020669218,31.2364652640607,-2849104.946011803,4655876.866637336
444,长白路第二居委会,3,,1.0,长白新村街道,杨浦区,121.538703303714,31.2909245073601,-2853532.133289351,4649488.458449988
445,长风一村居委会,2,0.0,1.0,长风新村街道,普陀区,121.398820231868,31.2287184544931,-2844036.9187322613,4659496.166997781
446,陈家宅居委会,2,0.0,0.0,徐家汇街道,徐汇区,121.428500064526,31.1852848823914,-2847751.247252891,4660151.365012278
447,陈家宅居委会,2,0.0,0.0,潍坊新村街道,浦东新区,121.512170204291,31.2240346099093,-2853390.0866960515,4654090.12872846
448,陈家宅居委会,2,0.0,0.0,沪东新村街道,浦东新区,121.570743689469,31.2674250577202,-2856839.9827637277,4649044.576407969
449,露香居委会,3,0.0,0.0,豫园街道,黄浦区,121.480364949882,31.2276992411271,-2850696.136274986,4655493.711937193
450,青安社区居委会,1,1.0,0.0,夏阳街道,青浦区,121.116967089059,31.1615757378301,-2823073.9336782224,4676731.31846262
451,静安新城第四居委会,3,,0.0,七宝镇,闵行区,121.374839581981,31.1653087427043,-2843982.4381535067,4663795.256253199
452,鞍山四村第一居委会,2,0.0,0.0,四平路街道,杨浦区,121.505674494682,31.2784463546155,-2851226.854219535,4651745.172889359
453,鞍山路三一零弄居委会,2,0.0,0.0,四平路街道,杨浦区,121.504818148538,31.2821907539002,-2851044.683155117,4651604.00094549
454,香山新村一居委会,3,0.0,0.0,金杨新村街道,浦东新区,121.567570405549,31.2423953037003,-2857336.2742088893,4650429.599950854
455,香花桥街居委会,3,0.0,0.0,塘桥街道,浦东新区,121.508542072958,31.2158313980006,-2853341.749530607,4654672.723215185
456,馨汇南苑居委会,2,0.0,0.0,漕河泾街道,徐汇区,121.435373692641,31.1632336164382,-2848970.3358630957,4660889.517832473
457,馨苑居委会,3,0.0,0.0,凉城新村街道,虹口区,121.459130978811,31.2919417116407,-2847041.606972766,4653396.988278021
458,馨苑居委会,3,0.0,0.0,万祥镇,浦东新区,121.812223229518,30.9674917601366,-2885467.5807862137,4651566.729836478
459,马路桥居委会,3,0.0,1.0,岳阳街道,松江区,121.222332791325,31.0065537664432,-2836269.3806185653,4679120.365705496
460,高华新村第三居委会,2,0.0,0.0,江川路街道,闵行区,121.418534149031,31.0038836873823,-2852355.201991531,4669510.676257814
461,鸿兴居委会,3,0.0,0.0,提篮桥街道,虹口区,121.497307079158,31.2586967640444,-2851141.3004739834,4653130.629859584
462,黄渡路居委会,2,0.0,0.0,四川北路街道,虹口区,121.476928661028,31.2691603211919,-2849171.7550587654,4653630.910531925
463,鼎信居委会,4,0.0,1.0,方松街道,松江区,121.228428778365,31.0328140016649,-2835989.329020741,4677535.59400093
464,齐河第四居委会,2,0.0,1.0,周家渡街道,浦东新区,121.511665166614,31.1836392948176,-2854561.855190669,4656093.473146162
465,龙柏三村居委会,3,,1.0,虹桥镇,闵行区,121.362468042066,31.1805052402247,-2842521.446671097,4663664.528831342
466,龙阳居委会,3,0.0,1.0,徐泾镇,青浦区,121.272024461359,31.1710851691452,-2835436.794897052,4668607.857493696
467,龙阳路居委会,3,0.0,1.0,塘桥街道,浦东新区,121.524910617331,31.2071493942291,-2854932.2199477833,4654282.575513095
